55.12916666666667,-35.878055555555555,gal,red,5.0
56.1375,-35.19583333333334,gal,red,5.0
54.958333333333336,-35.522777777777776,gal,red,5.0
54.97916666666666,-33.053333333333335,gal,red,5.0
51.891666666666666,-35.717777777777776,gal,red,5.0
53.82083333333333,-35.265277777777776,gal,red,5.0
54.83333333333333,-35.72472222222222,gal,red,5.0
54.80416666666667,-35.37138888888889,gal,red,5.0
56.3,-35.57083333333333,gal,red,5.0
54.52916666666666,-35.44,gal,red,5.0
55.245185,-38.855266,gal,red,5.0
55.4375,-33.79194444444445,gal,red,5.0
62.73946,-35.831125,gal,red,5.0
54.19166666666667,-35.99944444444444,gal,red,5.0
52.08000846736938,-31.770004226153358,gal,red,5.0
57.920417,-38.452222,gal,red,5.0
63.210917,-33.002028,gal,red,5.0
56.43750000000001,-36.34666666666666,gal,red,5.0
55.75833333333333,-36.27333333333333,gal,red,5.0
53.391666666666666,-36.605555555555554,gal,red,5.0
54.3,-35.745555555555555,gal,red,5.0
49.37499999999999,-37.84361111111111,gal,red,5.0
52.981732,-31.337625,gal,red,5.0
56.8875,-38.58166666666667,gal,red,5.0
51.33333333333333,-36.38333333333333,gal,red,5.0
52.923875,-32.567556,gal,red,5.0
54.26666666666668,-35.59027777777778,gal,red,5.0
56.26666666666667,-35.97277777777778,gal,red,5.0
55.00416666666666,-34.75833333333333,gal,red,5.0
63.018042,-32.874222,gal,red,5.0
58.583875,-36.968889,gal,red,5.0
52.94583333333333,-35.67611111111111,gal,red,5.0
55.57083333333334,-35.54083333333333,gal,red,5.0
54.84166666666667,-31.321944444444448,gal,red,5.0
42.949875,-30.1081,gal,red,5.0
56.770833333333336,-33.70944444444444,gal,red,5.0
62.860333,-32.857528,gal,red,5.0
55.175,-35.66138888888889,gal,red,5.0
56.806368,-38.968466,gal,red,5.0
54.22083333333334,-34.93861111111111,gal,red,5.0
49.063583,-31.209472,gal,red,5.0
47.60416666666667,-33.16138888888889,gal,red,5.0
54.5375,-34.51888888888889,gal,red,5.0
66.85386259844587,-33.52047767198205,gal,red,5.0
57.47083333333334,-32.259166666666665,gal,red,5.0
52.62499999999999,-34.25944444444445,gal,red,5.0
65.031957,-36.685295,gal,red,5.0
57.125535,-39.42502,gal,red,5.0
63.307792,-32.100806,gal,red,5.0
54.47916666666667,-34.882222222222225,gal,red,5.0
55.84583333333334,-33.94027777777778,gal,red,5.0
62.997167,-32.850806,gal,red,5.0
53.833333333333336,-32.602222222222224,gal,red,5.0
52.877708,-30.213333,gal,red,5.0
51.86174594382996,-31.8335325025349,gal,red,5.0
53.62083333333334,-35.54666666666667,gal,red,5.0
61.196794,-33.935797,gal,red,5.0
55.6875,-33.92027777777778,gal,red,5.0
56.39166666666667,-37.08305555555555,gal,red,5.0
53.04726442354834,-31.483363685547804,gal,red,5.0
53.473667,-31.194111,gal,red,5.0
52.083333333333336,-31.06805555555556,gal,red,5.0
53.4875,-34.61194444444445,gal,red,5.0
54.1375,-33.27611111111111,gal,red,5.0
53.62916666666667,-34.2975,gal,red,5.0
63.145432,-32.817367,gal,red,5.0
65.43905696816482,-33.84433994076056,gal,red,5.0
52.85416666666667,-35.33083333333334,gal,red,5.0
54.325,-35.69916666666667,gal,red,5.0
51.825,-34.52638888888889,gal,red,5.0
53.26666666666667,-33.72472222222222,gal,red,5.0
50.86614310882008,-31.268952438713416,gal,red,5.0
53.82083333333333,-35.22611111111111,gal,red,5.0
54.23749999999999,-35.506388888888885,gal,red,5.0
55.26666666666667,-33.779444444444444,gal,red,5.0
54.34583333333333,-34.9,gal,red,5.0
51.2185,-35.435444,gal,red,5.0
51.50833333333333,-32.89472222222222,gal,red,5.0
54.01666666666666,-35.44166666666667,gal,red,5.0
57.454166666666666,-35.94583333333333,gal,red,5.0
63.249042,-32.553278,gal,red,5.0
53.74583333333334,-35.17111111111111,gal,red,5.0
51.788208,-37.152806,gal,red,5.0
55.1125,-36.49916666666667,gal,red,5.0
52.204166666666666,-35.17888888888889,gal,red,5.0
50.98333333333334,-36.46472222222222,gal,red,5.0
62.752689,-31.407428,gal,red,5.0
54.558333333333344,-33.12777777777778,gal,red,5.0
56.558333333333344,-36.696666666666665,gal,red,5.0
53.391666666666666,-33.573055555555555,gal,red,5.0
51.7336846937425,-30.70981245159356,gal,red,5.0
58.61666666666667,-35.967222222222226,gal,red,5.0
53.583333333333336,-33.428333333333335,gal,red,5.0
53.584797,-33.426489,gal,red,5.0
63.222208,-31.308194,gal,red,5.0
55.90416666666666,-35.853611111111114,gal,red,5.0
62.505864,-31.25831,gal,red,5.0
55.579166666666666,-35.39277777777778,gal,red,5.0
53.27916666666667,-34.80722222222222,gal,red,5.0
53.8875,-32.465,gal,red,5.0
58.51432190742543,-36.06349754082834,gal,red,5.0
52.02916666666667,-32.28611111111111,gal,red,5.0
54.15416666666667,-35.38583333333333,gal,red,5.0
54.55416666666667,-37.29,gal,red,5.0
53.92916666666666,-35.33805555555556,gal,red,5.0
50.975,-37.51,gal,red,5.0
61.1055,-36.1805,gal,red,5.0
50.59583333333333,-37.3975,gal,red,5.0
54.18749999999999,-36.25611111111111,gal,red,5.0
55.20833333333333,-35.748333333333335,gal,red,5.0
51.63333333333333,-35.71361111111111,gal,red,5.0
54.57916666666666,-35.12916666666667,gal,red,5.0
54.62083333333334,-35.45055555555555,gal,red,5.0
63.419625,-31.645417,gal,red,5.0
62.189933,-35.389505,gal,red,5.0
54.054166666666674,-36.16638888888889,gal,red,5.0
57.65416666666668,-35.909444444444446,gal,red,5.0
59.924542,-36.704972,gal,red,5.0
43.802015,-36.300167,gal,red,5.0
53.657042,-35.560028,gal,red,5.0
49.891666666666666,-32.466388888888886,gal,red,5.0
56.81666666666667,-32.30222222222222,gal,red,5.0
54.52916666666666,-38.092777777777776,gal,red,5.0
62.620339,-35.162214,gal,red,5.0
50.79166666666667,-34.63305555555556,gal,red,5.0
53.52916666666667,-36.465833333333336,gal,red,5.0
53.30416666666667,-36.01722222222222,gal,red,5.0
60.173375,-30.831,gal,red,5.0
55.34166666666667,-33.77,gal,red,5.0
55.30416666666667,-35.15888888888889,gal,red,5.0
63.290029,-34.426321,gal,red,5.0
58.860354,-39.886609,gal,red,5.0
56.47916666666666,-36.35694444444445,gal,red,5.0
52.69166666666668,-35.55,gal,red,5.0
52.645833333333336,-34.85527777777778,gal,red,5.0
55.25416666666667,-35.742777777777775,gal,red,5.0
51.567,-30.7965,gal,red,5.0
53.430833,-35.859167,gal,red,5.0
56.75416666666667,-36.4375,gal,red,5.0
55.42083333333334,-35.17027777777778,gal,red,5.0
47.872417,-31.382222,gal,red,5.0
54.2,-34.73972222222222,gal,red,5.0
65.354833,-33.249528,gal,red,5.0
47.841696,-31.33488,gal,red,5.0
49.225,-35.54222222222222,gal,red,5.0
55.175,-37.51083333333333,gal,red,5.0
58.00416666666667,-33.46750000000001,gal,red,5.0
48.94350740394856,-38.52494586889521,gal,red,5.0
54.10416666666667,-37.125277777777775,gal,red,5.0
52.829166666666666,-32.05222222222222,gal,red,5.0
51.35416666666666,-36.74472222222222,gal,red,5.0
52.66804522829988,-31.93390239046493,gal,red,5.0
55.54583333333333,-35.44305555555555,gal,red,5.0
55.49583333333333,-35.34888888888889,gal,red,5.0
53.87916666666667,-34.44694444444445,gal,red,5.0
51.81666666666667,-33.48444444444444,gal,red,5.0
53.4,-36.14111111111111,gal,red,5.0
55.59583333333333,-35.15361111111111,gal,red,5.0
54.18749999999999,-33.013888888888886,gal,red,5.0
52.95,-35.051944444444445,gal,red,5.0
55.80416666666667,-34.64333333333333,gal,red,5.0
52.8875,-38.06194444444444,gal,red,5.0
55.22916666666667,-37.83777777777778,gal,red,5.0
49.210958,-33.301139,gal,red,5.0
43.913877,-36.335182,gal,red,5.0
50.65833333333334,-37.31333333333333,gal,red,5.0
54.225,-35.374722222222225,gal,red,5.0
61.268538,-35.008979,gal,red,5.0
53.28750000000001,-35.71888888888889,gal,red,5.0
49.697917,-31.911389,gal,red,5.0
56.183333333333344,-35.68361111111111,gal,red,5.0
53.04583333333333,-36.22083333333333,gal,red,5.0
54.775000000000006,-36.09916666666667,gal,red,5.0
55.3875,-34.88805555555555,gal,red,5.0
54.13333333333334,-35.29555555555555,gal,red,5.0
54.208333333333336,-33.46083333333333,gal,red,5.0
58.94166666666667,-36.261944444444445,gal,red,5.0
54.28750000000001,-35.195,gal,red,5.0
55.325,-35.47694444444444,gal,red,5.0
49.85416666666666,-32.65277777777778,gal,red,5.0
53.41272260079609,-28.957287616684848,gal,red,5.0
54.57916666666666,-35.530833333333334,gal,red,5.0
53.7375,-32.63944444444444,gal,red,5.0
55.27916666666667,-35.51444444444444,gal,red,5.0
54.98333333333333,-35.6225,gal,red,5.0
52.750625,-35.469194,gal,red,5.0
54.39166666666667,-35.829166666666666,gal,red,5.0
51.266666666666666,-36.92777777777778,gal,red,5.0
51.245833333333344,-37.00944444444445,gal,red,5.0
50.675,-37.208333333333336,gal,red,5.0
50.2625,-37.10166666666667,gal,red,5.0
52.429166666666674,-33.55694444444445,gal,red,5.0
52.78333333333334,-36.29,gal,red,5.0
50.90416666666667,-35.77861111111111,gal,red,5.0
55.0958,-35.27666,gal,red,5.0
50.112083,-31.248111,gal,red,5.0
51.2875,-36.36388888888889,gal,red,5.0
56.97083333333334,-36.47166666666666,gal,red,5.0
51.99166666666667,-37.14944444444444,gal,red,5.0
54.11666666666666,-34.97638888888889,gal,red,5.0
53.575,-35.79472222222222,gal,red,5.0
52.54166666666667,-33.69305555555555,gal,red,5.0
52.78333333333334,-33.62861111111111,gal,red,5.0
54.47500000000001,-37.27972222222222,gal,red,5.0
56.30833333333334,-36.93666666666667,gal,red,5.0
56.57916666666667,-34.94361111111111,gal,red,5.0
50.68333333333334,-37.10388888888889,gal,red,5.0
54.71666666666667,-35.59388888888889,gal,red,5.0
54.01666666666666,-35.38888888888889,gal,red,5.0
57.72083333333333,-35.17194444444444,gal,red,5.0
55.57083333333334,-34.531666666666666,gal,red,5.0
54.65833333333333,-35.75694444444444,gal,red,5.0
54.25,-35.34305555555556,gal,red,5.0
54.675,-35.55222222222222,gal,red,5.0
53.87083333333333,-33.33416666666667,gal,red,5.0
53.85,-36.36388888888889,gal,red,5.0
55.0375,-35.62444444444444,gal,red,5.0
52.21666666666667,-33.84638888888889,gal,red,5.0
55.38333333333334,-35.58972222222222,gal,red,5.0
54.57083333333333,-35.507777777777775,gal,red,5.0
53.2,-34.23861111111111,gal,red,5.0
55.6125,-33.87083333333333,gal,red,5.0
56.24583333333333,-36.895,gal,red,5.0
55.14166666666667,-35.022777777777776,gal,red,5.0
56.6375,-34.68611111111111,gal,red,5.0
51.60416666666667,-37.12777777777778,gal,red,5.0
53.48333333333333,-34.56166666666667,gal,red,5.0
54.5875,-35.25972222222222,gal,red,5.0
51.3,-32.90277777777778,gal,red,5.0
61.17175,-34.965417,gal,red,5.0
53.8987,-35.2906,gal,red,5.0
64.041368,-33.062486,gal,red,5.0
62.697451,-32.816959,gal,red,5.0
64.424629,-31.291529,gal,red,5.0
65.109583,-31.724583,gal,red,5.0
53.741666666666674,-35.25833333333333,gal,red,5.0
50.817028,-40.678155,gal,red,5.0
52.53333333333333,-32.47388888888889,gal,red,5.0
62.939859715103466,-34.93271262746902,gal,red,5.0
56.03333333333334,-35.549444444444454,gal,red,5.0
47.868279,-33.41621,gal,red,5.0
53.1125,-35.77527777777778,gal,red,5.0
53.125,-34.34861111111111,gal,red,5.0
53.125,-36.08805555555556,gal,red,5.0
53.1875,-37.83638888888889,gal,red,5.0
53.20416666666667,-36.153055555555554,gal,red,5.0
53.19583333333334,-37.64194444444445,gal,red,5.0
53.2375,-35.7375,gal,red,5.0
53.2625,-36.44305555555555,gal,red,5.0
53.28750000000001,-35.39694444444445,gal,red,5.0
53.31250000000001,-37.82111111111111,gal,red,5.0
53.37916666666666,-34.45555555555556,gal,red,5.0
50.19166666666666,-33.29416666666667,gal,red,5.0
53.425,-32.42333,gal,red,5.0
53.45416666666667,-34.17,gal,red,5.0
53.45,-35.83611111111111,gal,red,5.0
53.47916666666666,-34.346944444444446,gal,red,5.0
53.525000000000006,-35.27722222222222,gal,red,5.0
53.5375,-35.516666666666666,gal,red,5.0
53.55,-35.228611111111114,gal,red,5.0
53.583333333333336,-35.3625,gal,red,5.0
53.59166666666666,-34.59250000000001,gal,red,5.0
53.68333333333333,-35.86138888888889,gal,red,5.0
53.712500000000006,-36.32388888888889,gal,red,5.0
53.73333333333333,-35.19083333333333,gal,red,5.0
53.741666666666674,-35.043055555555554,gal,red,5.0
53.75,-35.32222222222222,gal,red,5.0
53.770833333333336,-35.21861111111111,gal,red,5.0
53.8,-35.323055555555555,gal,red,5.0
53.85,-36.09166666666667,gal,red,5.0
50.41666666666667,-33.45333333333334,gal,red,5.0
53.85416666666666,-36.17888888888889,gal,red,5.0
53.87500000000001,-35.25222222222222,gal,red,5.0
53.89166666666667,-34.804722222222225,gal,red,5.0
53.92916666666666,-35.51416666666667,gal,red,5.0
53.94166666666666,-35.98916666666667,gal,red,5.0
53.98333333333334,-34.82861111111111,gal,red,5.0
50.42916666666667,-35.925,gal,red,5.0
54.02916666666666,-35.8425,gal,red,5.0
54.1,-35.911944444444444,gal,red,5.0
54.1,-37.16388888888889,gal,red,5.0
54.11666666666666,-35.21111111111111,gal,red,5.0
54.12916666666667,-34.798611111111114,gal,red,5.0
54.15416666666667,-37.36527777777778,gal,red,5.0
54.17916666666667,-34.159166666666664,gal,red,5.0
54.17845833333,-35.43547222222,gal,red,5.0
54.20416666666667,-34.280277777777776,gal,red,5.0
54.20416666666667,-36.23,gal,red,5.0
54.22083333333334,-36.48638888888889,gal,red,5.0
54.2625,-34.87583333333333,gal,red,5.0
54.241666666666674,-38.13166666666667,gal,red,5.0
54.27083333333333,-34.60388888888889,gal,red,5.0
54.29166666666667,-35.38666666666666,gal,red,5.0
54.29166666666667,-35.88805555555555,gal,red,5.0
54.42083333333333,-35.29611111111111,gal,red,5.0
54.42916666666667,-37.20861111111111,gal,red,5.0
54.43333333333334,-36.7263888888889,gal,red,5.0
54.59166666666666,-33.660555555555554,gal,red,5.0
54.57916666666666,-36.06583333333333,gal,red,5.0
54.5875,-36.41333333333333,gal,red,5.0
54.65416666666667,-35.833888888888886,gal,red,5.0
54.6625,-36.55805555555556,gal,red,5.0
54.675,-36.72694444444444,gal,red,5.0
54.6875,-35.266666666666666,gal,red,5.0
54.72916666666667,-35.23694444444445,gal,red,5.0
54.88750000000001,-31.79027777777778,gal,red,5.0
54.90833333333334,-36.55361111111111,gal,red,5.0
54.958333333333336,-35.02333333333333,gal,red,5.0
54.962500000000006,-35.32194444444445,gal,red,5.0
54.97916666666666,-35.661944444444444,gal,red,5.0
50.85416666666666,-36.88805555555555,gal,red,5.0
55.020833333333336,-34.168055555555554,gal,red,5.0
55.03124651161332,-32.31935227417955,gal,red,5.0
55.025000000000006,-36.23388888888889,gal,red,5.0
55.04166666666666,-34.44722222222222,gal,red,5.0
55.04166666666666,-35.83638888888889,gal,red,5.0
55.07916666666667,-33.42138888888889,gal,red,5.0
55.07083333333334,-36.535,gal,red,5.0
55.07916666666667,-37.49944444444444,gal,red,5.0
55.0875,-37.64416666666666,gal,red,5.0
55.15833333333334,-36.12111111111111,gal,red,5.0
55.179166666666674,-35.86083333333333,gal,red,5.0
50.89166666666667,-36.98277777777778,gal,red,5.0
55.18333333333334,-37.40833333333333,gal,red,5.0
55.20833333333333,-35.02388888888889,gal,red,5.0
55.26666666666667,-34.954166666666666,gal,red,5.0
55.27916666666667,-35.69027777777778,gal,red,5.0
55.3375,-35.94861111111111,gal,red,5.0
55.425,-33.48444444444444,gal,red,5.0
55.458333333333336,-36.63055555555555,gal,red,5.0
55.4875,-35.2925,gal,red,5.0
50.98333333333334,-34.8075,gal,red,5.0
55.50000000000001,-37.63388888888889,gal,red,5.0
55.525,-34.85,gal,red,5.0
55.579166666666666,-35.56111111111111,gal,red,5.0
55.60833333333334,-36.68694444444444,gal,red,5.0
55.65416666666668,-35.95583333333333,gal,red,5.0
55.6625,-35.86805555555556,gal,red,5.0
55.72916666666667,-35.34361111111111,gal,red,5.0
55.80833333333333,-35.51916666666666,gal,red,5.0
55.84583333333334,-34.69555555555556,gal,red,5.0
55.91666666666667,-35.216388888888886,gal,red,5.0
55.975,-33.041666666666664,gal,red,5.0
56.10416666666667,-35.85666666666667,gal,red,5.0
56.1125,-35.66555555555556,gal,red,5.0
56.125,-35.17861111111111,gal,red,5.0
56.1625,-35.98305555555555,gal,red,5.0
56.24999999999999,-36.31972222222223,gal,red,5.0
56.37916666666667,-34.50555555555555,gal,red,5.0
56.45,-35.06027777777778,gal,red,5.0
56.53333333333333,-36.8225,gal,red,5.0
51.07500000000001,-35.26166666666666,gal,red,5.0
56.57525,-33.762,gal,red,5.0
56.65833333333333,-37.159444444444446,gal,red,5.0
56.787686,-32.773899,gal,red,5.0
56.78333333333334,-36.32694444444444,gal,red,5.0
56.891666666666666,-32.25333333333333,gal,red,5.0
56.90416666666668,-36.36361111111111,gal,red,5.0
57.00833333333333,-35.02638888888889,gal,red,5.0
57.016666666666666,-36.74611111111111,gal,red,5.0
57.04166666666667,-37.52388888888889,gal,red,5.0
57.09166666666668,-36.10611111111111,gal,red,5.0
57.22916666666667,-35.952777777777776,gal,red,5.0
57.30833333333334,-35.926944444444445,gal,red,5.0
57.30416666666666,-36.97416666666667,gal,red,5.0
57.59583333333333,-35.24805555555555,gal,red,5.0
57.75416666666667,-36.68388888888889,gal,red,5.0
58.01249999999999,-37.87361111111111,gal,red,5.0
51.25833333333333,-35.223333333333336,gal,red,5.0
58.320833333333326,-37.83250000000001,gal,red,5.0
51.2875,-36.553333333333335,gal,red,5.0
49.425,-37.14416666666666,gal,red,5.0
54.74166666666667,-35.18472222222222,gal,red,5.0
51.400000000000006,-32.95916666666667,gal,red,5.0
51.44166666666667,-35.50833333333333,gal,red,5.0
51.677319,-34.547208,gal,red,5.0
51.68333333333334,-37.29888888888889,gal,red,5.0
49.46666666666666,-36.765,gal,red,5.0
51.725,-35.51861111111111,gal,red,5.0
51.72083333333333,-36.799166666666665,gal,red,5.0
51.78333333333334,-34.4,gal,red,5.0
51.82083333333333,-33.03527777777778,gal,red,5.0
51.84166666666667,-36.14666666666667,gal,red,5.0
51.86666666666667,-35.92388888888889,gal,red,5.0
51.895833333333336,-37.50472222222222,gal,red,5.0
51.95,-33.56472222222222,gal,red,5.0
49.47083333333333,-35.65138888888889,gal,red,5.0
51.975,-37.37583333333333,gal,red,5.0
52.0,-33.66416666666667,gal,red,5.0
52.0,-38.53944444444444,gal,red,5.0
52.02916666666667,-35.23638888888889,gal,red,5.0
52.116666666666674,-33.73444444444444,gal,red,5.0
52.2375,-36.4375,gal,red,5.0
49.69166666666667,-35.54555555555555,gal,red,5.0
52.25833333333334,-37.36083333333333,gal,red,5.0
52.35833333333333,-35.604166666666664,gal,red,5.0
52.3875,-35.8675,gal,red,5.0
52.39166666666666,-36.70333333333333,gal,red,5.0
52.40833333333333,-35.40027777777779,gal,red,5.0
52.425,-36.22138888888889,gal,red,5.0
52.4375,-35.37861111111111,gal,red,5.0
52.4375,-36.05638888888889,gal,red,5.0
49.725,-33.325833333333335,gal,red,5.0
52.65416666666666,-35.041666666666664,gal,red,5.0
52.69583333333333,-35.35472222222222,gal,red,5.0
52.73333333333333,-33.55777777777778,gal,red,5.0
52.8,-33.244166666666665,gal,red,5.0
52.82083333333333,-34.96166666666667,gal,red,5.0
52.8375,-35.81944444444444,gal,red,5.0
52.84583333333333,-34.97138888888889,gal,red,5.0
52.84166666666667,-37.61361111111111,gal,red,5.0
52.8625,-35.49388888888889,gal,red,5.0
52.9125,-36.27694444444445,gal,red,5.0
52.9375,-34.33805555555556,gal,red,5.0
50.7125,-37.52722222222222,gal,red,5.0
55.14166666666667,-37.85166666666667,gal,red,5.0
55.42083333333334,-35.352222222222224,gal,red,5.0
55.458333333333336,-35.535277777777786,gal,red,5.0
55.629045,-32.670673,gal,red,5.0
50.857543,-36.425237,gal,red,5.0
56.4896,-31.8293,gal,red,5.0
56.85000000000001,-34.77944444444445,gal,red,5.0
51.6125,-35.76583333333333,gal,red,5.0
51.73333333333333,-37.54777777777778,gal,red,5.0
51.87083333333334,-34.94777777777778,gal,red,5.0
51.901447,-33.268603,gal,red,5.0
51.94987,-34.065185,gal,red,5.0
52.0125,-36.333333333333336,gal,red,5.0
52.276619,-34.229492,gal,red,5.0
52.425,-36.410833333333336,gal,red,5.0
52.54583333333333,-35.67361111111112,gal,red,5.0
52.80833333333334,-33.77,gal,red,5.0
52.94166666666667,-37.69694444444445,gal,red,5.0
53.00833333333333,-32.99611111111111,gal,red,5.0
53.020833333333336,-35.42611111111111,gal,red,5.0
53.25416666666667,-35.609722222222224,gal,red,5.0
54.375,-33.882777777777775,gal,red,5.0
54.54583333333334,-33.45166666666667,gal,red,5.0
54.38750000000001,-34.055277777777775,gal,red,5.0
52.3625,-35.124722222222225,gal,red,5.0
52.48333333333333,-33.22416666666667,gal,red,5.0
53.175,-33.055,gal,red,5.0
52.029951,-36.91834,gal,red,5.0
52.14465,-34.6524,gal,red,5.0
55.34267508639589,-39.80017708157963,gal,red,5.0
50.75286833708232,-38.8379883877239,gal,red,5.0
49.67928221972747,-41.02406659420336,gal,red,5.0
49.2556137984807,-41.70006791683381,gal,red,5.0
59.931009822985466,-37.19664054029638,gal,red,5.0
59.26299141976594,-38.39466573236564,gal,red,5.0
58.28110711475126,-38.84012459616435,gal,red,5.0
60.74902540311621,-40.59399932768783,gal,red,5.0
59.85168124938785,-39.61372918701339,gal,red,5.0
59.03079266558855,-40.0365540250608,gal,red,5.0
58.44054483661396,-39.17773232767118,gal,red,5.0
56.477593564032375,-39.98093474469814,gal,red,5.0
56.91974613126393,-41.359746889817,gal,red,5.0
56.728753149217646,-41.901117436976136,gal,red,5.0
48.93406670307191,-32.16227030253558,gal,red,5.0
52.90140758237895,-32.846367597148735,gal,red,5.0
51.209236316736,-34.60341483250637,gal,red,5.0
59.26528572697348,-33.25638919602702,gal,red,5.0
58.24703472396398,-33.17574819680815,gal,red,5.0
57.49597481862415,-32.50115540441719,gal,red,5.0
61.62902324969545,-34.60327105528123,gal,red,5.0
59.33571205671634,-35.27759596306675,gal,red,5.0
58.97734954635461,-34.100311194210704,gal,red,5.0
58.65719224719759,-35.69958471279312,gal,red,5.0
58.5786355698899,-36.93063565430922,gal,red,5.0
58.06779422138717,-36.30479616774826,gal,red,5.0
65.41449260886714,-33.388975442271466,gal,red,5.0
54.7273584072524,-31.91444844066332,gal,red,5.0
53.45870308367745,-31.076263740270026,gal,red,5.0
51.77820906255525,-31.10776323915779,gal,red,5.0
50.55836581920384,-31.83802504975308,gal,red,5.0
56.96143600574323,-30.192284606539847,gal,red,5.0
62.50776586167008,-29.740813158767804,gal,red,5.0
51.50416666666666,-36.70638888888889,gal,red,5.0
51.50416666666666,-36.79444444444445,gal,red,5.0
51.65833333333333,-36.81194444444444,gal,red,5.0
51.78333333333334,-35.13444444444445,gal,red,5.0
51.8,-37.06250000000001,gal,red,5.0
51.837500000000006,-34.389722222222225,gal,red,5.0
51.8625,-36.73166666666667,gal,red,5.0
51.86666666666667,-36.71416666666666,gal,red,5.0
51.883333333333326,-35.249722222222225,gal,red,5.0
51.92916666666667,-35.72694444444444,gal,red,5.0
51.95,-34.874722222222225,gal,red,5.0
51.97083333333333,-34.843333333333334,gal,red,5.0
51.97083333333333,-35.06861111111111,gal,red,5.0
51.975,-35.8075,gal,red,5.0
52.0,-35.079166666666666,gal,red,5.0
52.00416666666667,-36.83166666666666,gal,red,5.0
52.0375,-34.60444444444445,gal,red,5.0
52.06666666666667,-35.53777777777778,gal,red,5.0
52.1,-35.60444444444445,gal,red,5.0
52.1,-35.76277777777778,gal,red,5.0
52.14583333333333,-37.35722222222222,gal,red,5.0
52.17083333333333,-35.494166666666665,gal,red,5.0
52.179166666666674,-35.25472222222222,gal,red,5.0
52.19583333333333,-36.619166666666665,gal,red,5.0
52.225,-33.90138888888889,gal,red,5.0
52.24166666666666,-37.0975,gal,red,5.0
52.266666666666666,-37.3375,gal,red,5.0
52.27916666666667,-36.1625,gal,red,5.0
52.3,-36.326388888888886,gal,red,5.0
52.3375,-37.14972222222222,gal,red,5.0
52.34166666666667,-34.49,gal,red,5.0
52.37916666666667,-34.40222222222222,gal,red,5.0
52.38333333333333,-36.85083333333333,gal,red,5.0
52.4625,-36.39694444444444,gal,red,5.0
52.49166666666667,-34.38305555555556,gal,red,5.0
52.49583333333334,-35.0375,gal,red,5.0
52.54166666666667,-34.79972222222222,gal,red,5.0
52.54166666666667,-34.80138888888889,gal,red,5.0
52.54583333333333,-35.346111111111114,gal,red,5.0
52.575,-35.07527777777778,gal,red,5.0
52.59583333333334,-36.22527777777778,gal,red,5.0
52.61666666666667,-34.1075,gal,red,5.0
52.64166666666667,-35.108333333333334,gal,red,5.0
52.6625,-35.227222222222224,gal,red,5.0
52.6625,-36.48611111111112,gal,red,5.0
52.72083333333333,-35.538333333333334,gal,red,5.0
52.7375,-35.70611111111111,gal,red,5.0
52.74583333333333,-34.693333333333335,gal,red,5.0
52.75416666666666,-35.6375,gal,red,5.0
52.770833333333336,-34.14472222222222,gal,red,5.0
52.829166666666666,-35.165277777777774,gal,red,5.0
52.8625,-36.09583333333333,gal,red,5.0
52.94166666666667,-36.278888888888886,gal,red,5.0
52.95416666666667,-35.58305555555555,gal,red,5.0
52.9625,-34.84722222222222,gal,red,5.0
52.97916666666667,-36.31638888888889,gal,red,5.0
52.99166666666667,-35.621944444444445,gal,red,5.0
53.00833333333333,-36.38305555555556,gal,red,5.0
53.025000000000006,-35.82611111111111,gal,red,5.0
53.09166666666667,-35.40611111111111,gal,red,5.0
53.11666666666667,-35.1125,gal,red,5.0
53.13333333333333,-36.79944444444445,gal,red,5.0
53.1625,-33.34111111111111,gal,red,5.0
53.1625,-37.655,gal,red,5.0
53.20416666666667,-35.94583333333333,gal,red,5.0
53.24999999999999,-34.319166666666675,gal,red,5.0
53.29583333333333,-35.66555555555556,gal,red,5.0
53.3,-35.035,gal,red,5.0
53.30833333333333,-35.0275,gal,red,5.0
53.31666666666667,-35.5975,gal,red,5.0
53.31666666666667,-36.09472222222223,gal,red,5.0
53.325,-35.26305555555555,gal,red,5.0
53.34166666666666,-35.605555555555554,gal,red,5.0
53.34583333333333,-36.68305555555556,gal,red,5.0
53.35,-35.98694444444445,gal,red,5.0
53.36666666666667,-35.965,gal,red,5.0
53.36666666666667,-35.12611111111111,gal,red,5.0
53.37916666666666,-35.2725,gal,red,5.0
53.37916666666666,-35.44833333333333,gal,red,5.0
53.38333333333333,-35.66166666666667,gal,red,5.0
53.3875,-35.70444444444445,gal,red,5.0
53.395833333333336,-34.46666666666667,gal,red,5.0
53.40833333333334,-37.40888888888889,gal,red,5.0
53.425,-35.16694444444445,gal,red,5.0
53.43333333333334,-33.23444444444444,gal,red,5.0
53.43333333333334,-33.37833333333333,gal,red,5.0
53.44583333333334,-35.06861111111111,gal,red,5.0
53.45416666666667,-37.340833333333336,gal,red,5.0
53.458333333333336,-35.951666666666675,gal,red,5.0
53.475,-34.433055555555555,gal,red,5.0
53.48333333333333,-35.16361111111111,gal,red,5.0
53.4875,-36.3825,gal,red,5.0
53.49166666666667,-36.19083333333333,gal,red,5.0
53.49166666666667,-36.59666666666666,gal,red,5.0
53.49999999999999,-35.759166666666665,gal,red,5.0
53.50833333333333,-37.18194444444445,gal,red,5.0
53.52916666666667,-35.38111111111111,gal,red,5.0
53.52916666666667,-35.47722222222223,gal,red,5.0
53.54583333333333,-36.750277777777775,gal,red,5.0
53.55,-35.73361111111111,gal,red,5.0
53.55,-36.28805555555556,gal,red,5.0
53.55833333333333,-35.81944444444444,gal,red,5.0
53.5625,-35.56138888888889,gal,red,5.0
53.56666666666667,-33.293055555555554,gal,red,5.0
53.56666666666667,-33.93416666666667,gal,red,5.0
53.56666666666667,-36.59,gal,red,5.0
53.59583333333334,-35.845,gal,red,5.0
53.60416666666666,-35.96805555555556,gal,red,5.0
53.6125,-35.10611111111111,gal,red,5.0
53.616666666666674,-35.81027777777778,gal,red,5.0
53.62083333333334,-34.94444444444444,gal,red,5.0
53.62916666666667,-32.885555555555555,gal,red,5.0
53.6375,-32.83416666666667,gal,red,5.0
53.6375,-35.043055555555554,gal,red,5.0
53.65,-36.05416666666667,gal,red,5.0
53.65833333333334,-36.80027777777778,gal,red,5.0
53.67083333333333,-34.35472222222222,gal,red,5.0
53.675,-34.8,gal,red,5.0
53.67916666666666,-35.520833333333336,gal,red,5.0
53.69166666666667,-34.89277777777779,gal,red,5.0
53.69166666666667,-35.71083333333333,gal,red,5.0
53.7,-35.299166666666665,gal,red,5.0
53.712500000000006,-36.46305555555556,gal,red,5.0
53.71666666666667,-35.98416666666667,gal,red,5.0
53.72083333333333,-35.569722222222225,gal,red,5.0
53.725,-34.361111111111114,gal,red,5.0
53.72916666666666,-33.20916666666667,gal,red,5.0
53.73333333333333,-35.46138888888889,gal,red,5.0
53.7375,-35.6875,gal,red,5.0
53.741666666666674,-35.223333333333336,gal,red,5.0
53.74583333333334,-36.19722222222222,gal,red,5.0
53.75416666666666,-34.535555555555554,gal,red,5.0
53.770833333333336,-35.45111111111111,gal,red,5.0
53.8,-35.43416666666667,gal,red,5.0
53.8,-36.575833333333335,gal,red,5.0
53.8,-34.543055555555554,gal,red,5.0
53.80833333333333,-36.38916666666667,gal,red,5.0
53.81250000000001,-35.50333333333333,gal,red,5.0
53.85,-37.61833333333333,gal,red,5.0
53.85833333333333,-36.18555555555555,gal,red,5.0
53.90833333333333,-34.28805555555556,gal,red,5.0
53.90833333333333,-35.094166666666666,gal,red,5.0
53.92916666666666,-35.8475,gal,red,5.0
53.945833333333326,-35.36194444444445,gal,red,5.0
53.98333333333334,-35.294444444444444,gal,red,5.0
53.9875,-34.632222222222225,gal,red,5.0
53.99166666666666,-35.348055555555554,gal,red,5.0
54.00000000000001,-34.87777777777778,gal,red,5.0
54.00000000000001,-35.93611111111111,gal,red,5.0
54.00416666666667,-36.258055555555565,gal,red,5.0
54.00833333333333,-35.310833333333335,gal,red,5.0
54.0125,-36.35444444444445,gal,red,5.0
54.020833333333336,-36.33583333333333,gal,red,5.0
54.020833333333336,-37.61527777777778,gal,red,5.0
54.025,-33.55916666666667,gal,red,5.0
54.03333333333334,-35.98694444444445,gal,red,5.0
54.03333333333334,-37.43833333333333,gal,red,5.0
54.0375,-35.65083333333333,gal,red,5.0
54.04166666666666,-34.08138888888889,gal,red,5.0
54.04166666666666,-35.67111111111111,gal,red,5.0
54.04583333333334,-34.842777777777776,gal,red,5.0
54.05,-32.87583333333333,gal,red,5.0
54.05,-35.05916666666667,gal,red,5.0
54.05,-35.74638888888889,gal,red,5.0
54.083333333333336,-34.594166666666666,gal,red,5.0
54.09583333333333,-34.34527777777778,gal,red,5.0
54.1,-35.522777777777776,gal,red,5.0
54.1,-35.87833333333333,gal,red,5.0
54.10416666666667,-34.746388888888895,gal,red,5.0
54.10416666666667,-35.70333333333334,gal,red,5.0
54.1125,-35.63916666666667,gal,red,5.0
54.12916666666667,-36.38,gal,red,5.0
54.13333333333334,-36.426944444444445,gal,red,5.0
54.1375,-36.13444444444445,gal,red,5.0
54.1375,-37.67944444444444,gal,red,5.0
54.1625,-35.61138888888889,gal,red,5.0
54.17083333333334,-35.58888888888889,gal,red,5.0
54.175,-34.71111111111111,gal,red,5.0
54.19166666666667,-35.924166666666665,gal,red,5.0
54.21666666666668,-36.144444444444446,gal,red,5.0
54.225,-35.74722222222223,gal,red,5.0
54.225,-35.92805555555555,gal,red,5.0
54.22916666666666,-35.94444444444444,gal,red,5.0
54.22916666666666,-36.35333333333333,gal,red,5.0
54.23749999999999,-35.83638888888889,gal,red,5.0
54.23749999999999,-37.82083333333333,gal,red,5.0
54.241666666666674,-33.161944444444444,gal,red,5.0
54.25,-35.137777777777785,gal,red,5.0
54.2625,-35.800555555555555,gal,red,5.0
54.275,-35.341388888888886,gal,red,5.0
54.304166666666674,-36.257777777777775,gal,red,5.0
54.3125,-34.701388888888886,gal,red,5.0
54.31666666666667,-35.358333333333334,gal,red,5.0
54.31666666666667,-35.78361111111112,gal,red,5.0
54.3125,-36.84194444444445,gal,red,5.0
54.325,-34.84777777777778,gal,red,5.0
54.33333333333333,-35.52166666666667,gal,red,5.0
54.34583333333333,-34.2875,gal,red,5.0
54.3625,-33.28861111111111,gal,red,5.0
54.3625,-35.96305555555556,gal,red,5.0
54.375,-34.225,gal,red,5.0
54.37916666666667,-34.09583333333334,gal,red,5.0
54.37916666666667,-36.77777777777778,gal,red,5.0
54.38333333333333,-36.545,gal,red,5.0
54.395833333333336,-34.56638888888889,gal,red,5.0
54.4,-35.17638888888889,gal,red,5.0
54.40416666666666,-34.74166666666667,gal,red,5.0
54.40833333333333,-35.385555555555555,gal,red,5.0
54.42083333333333,-36.17388888888889,gal,red,5.0
54.425,-34.63777777777778,gal,red,5.0
54.425,-35.95583333333333,gal,red,5.0
54.43333333333334,-35.70361111111111,gal,red,5.0
54.44166666666666,-35.0525,gal,red,5.0
54.45833333333334,-35.550555555555555,gal,red,5.0
54.462500000000006,-35.36277777777778,gal,red,5.0
54.47500000000001,-35.57472222222222,gal,red,5.0
54.47916666666667,-37.85611111111111,gal,red,5.0
54.48333333333333,-33.272222222222226,gal,red,5.0
54.4875,-33.83138888888889,gal,red,5.0
54.49166666666666,-37.119166666666665,gal,red,5.0
54.49583333333334,-34.53,gal,red,5.0
54.5125,-33.08722222222222,gal,red,5.0
54.5125,-36.74194444444444,gal,red,5.0
54.52499999999999,-36.05027777777778,gal,red,5.0
54.52916666666666,-35.591944444444444,gal,red,5.0
54.53333333333334,-33.02583333333333,gal,red,5.0
54.53333333333334,-33.98,gal,red,5.0
54.53333333333334,-36.00833333333333,gal,red,5.0
54.53333333333334,-36.07222222222222,gal,red,5.0
54.5375,-35.165,gal,red,5.0
54.54583333333334,-33.20111111111111,gal,red,5.0
54.54583333333334,-36.33777777777778,gal,red,5.0
54.558333333333344,-34.228611111111114,gal,red,5.0
54.5625,-35.12277777777778,gal,red,5.0
54.5625,-36.28111111111111,gal,red,5.0
54.575,-34.67444444444445,gal,red,5.0
54.59166666666666,-34.028888888888886,gal,red,5.0
54.59583333333334,-34.926944444444445,gal,red,5.0
54.59583333333334,-35.76027777777778,gal,red,5.0
54.59583333333334,-36.55111111111111,gal,red,5.0
54.60416666666667,-36.071666666666665,gal,red,5.0
54.60833333333333,-36.09583333333333,gal,red,5.0
54.61249999999999,-35.15194444444445,gal,red,5.0
54.61249999999999,-36.74,gal,red,5.0
54.61666666666667,-35.03944444444444,gal,red,5.0
54.62916666666668,-34.77472222222222,gal,red,5.0
54.6375,-33.663333333333334,gal,red,5.0
54.65416666666667,-35.91694444444445,gal,red,5.0
54.675,-35.391666666666666,gal,red,5.0
54.69583333333333,-34.98694444444445,gal,red,5.0
54.71249999999999,-35.725,gal,red,5.0
54.71666666666667,-36.30111111111111,gal,red,5.0
54.725,-34.82555555555555,gal,red,5.0
54.725,-35.986666666666665,gal,red,5.0
54.725,-36.61416666666667,gal,red,5.0
54.74583333333333,-35.74111111111111,gal,red,5.0
54.75416666666666,-36.33861111111111,gal,red,5.0
54.76666666666667,-36.55916666666667,gal,red,5.0
54.775000000000006,-34.26388888888889,gal,red,5.0
54.77916666666666,-34.379444444444445,gal,red,5.0
54.77916666666666,-35.12277777777778,gal,red,5.0
54.7875,-33.03861111111111,gal,red,5.0
54.8125,-34.18694444444444,gal,red,5.0
54.80833333333333,-34.390277777777776,gal,red,5.0
54.81666666666668,-35.005833333333335,gal,red,5.0
54.81666666666668,-36.18305555555556,gal,red,5.0
54.82083333333334,-35.77916666666667,gal,red,5.0
54.82083333333334,-36.48444444444444,gal,red,5.0
54.837500000000006,-34.08416666666667,gal,red,5.0
54.837500000000006,-38.06972222222223,gal,red,5.0
54.84166666666667,-35.59027777777778,gal,red,5.0
54.85416666666667,-36.62222222222222,gal,red,5.0
54.87083333333333,-35.5725,gal,red,5.0
54.883333333333326,-33.60944444444444,gal,red,5.0
54.883333333333326,-36.09972222222222,gal,red,5.0
54.925,-35.468333333333334,gal,red,5.0
54.925,-35.53194444444445,gal,red,5.0
54.94166666666667,-36.19166666666667,gal,red,5.0
54.95,-33.055,gal,red,5.0
54.95,-34.77333333333333,gal,red,5.0
54.962500000000006,-36.0125,gal,red,5.0
54.97083333333334,-36.141944444444455,gal,red,5.0
54.975,-34.69611111111111,gal,red,5.0
54.97916666666666,-36.73388888888889,gal,red,5.0
55.0,-36.09361111111111,gal,red,5.0
55.00416666666666,-34.723055555555554,gal,red,5.0
55.00833333333334,-35.49166666666667,gal,red,5.0
55.0125,-35.465,gal,red,5.0
55.0125,-35.48888888888889,gal,red,5.0
55.0125,-36.36194444444445,gal,red,5.0
55.016666666666666,-35.07277777777778,gal,red,5.0
55.020833333333336,-34.651944444444446,gal,red,5.0
55.020833333333336,-37.7625,gal,red,5.0
55.02916666666667,-34.598333333333336,gal,red,5.0
55.02916666666667,-36.56,gal,red,5.0
55.05,-35.28888888888889,gal,red,5.0
55.06250000000001,-36.26888888888889,gal,red,5.0
55.06250000000001,-36.61333333333333,gal,red,5.0
55.06666666666666,-35.66277777777778,gal,red,5.0
55.075,-36.05888888888889,gal,red,5.0
55.07916666666667,-34.5425,gal,red,5.0
55.07916666666667,-35.1375,gal,red,5.0
55.07916666666667,-36.31388888888889,gal,red,5.0
55.10833333333334,-35.00361111111111,gal,red,5.0
55.1125,-35.42,gal,red,5.0
55.11666666666667,-34.78611111111111,gal,red,5.0
55.12499999999999,-33.345,gal,red,5.0
55.1375,-36.55500000000001,gal,red,5.0
55.1375,-36.580000000000005,gal,red,5.0
55.14166666666667,-35.888333333333335,gal,red,5.0
55.15,-36.79972222222222,gal,red,5.0
55.15416666666667,-35.35527777777778,gal,red,5.0
55.17083333333333,-35.76916666666666,gal,red,5.0
55.18333333333334,-35.53944444444444,gal,red,5.0
55.18333333333334,-36.18555555555555,gal,red,5.0
55.20833333333333,-35.388333333333335,gal,red,5.0
55.22083333333333,-35.117777777777775,gal,red,5.0
55.225,-37.516666666666666,gal,red,5.0
55.2375,-34.71305555555556,gal,red,5.0
55.241666666666674,-36.33277777777778,gal,red,5.0
55.241666666666674,-37.88916666666667,gal,red,5.0
55.25416666666667,-33.81611111111111,gal,red,5.0
55.2625,-34.69611111111111,gal,red,5.0
55.275,-35.60638888888889,gal,red,5.0
55.27916666666667,-37.02361111111111,gal,red,5.0
55.2875,-33.28805555555556,gal,red,5.0
55.3,-36.06916666666667,gal,red,5.0
55.30416666666667,-37.9725,gal,red,5.0
55.31250000000001,-35.450833333333335,gal,red,5.0
55.32083333333333,-35.64833333333333,gal,red,5.0
55.325,-34.745555555555555,gal,red,5.0
55.3375,-35.36527777777778,gal,red,5.0
55.34583333333333,-35.00555555555556,gal,red,5.0
55.34583333333333,-35.89666666666667,gal,red,5.0
55.35,-35.763333333333335,gal,red,5.0
55.35,-36.08055555555556,gal,red,5.0
55.35833333333333,-34.254444444444445,gal,red,5.0
55.35833333333333,-35.379444444444445,gal,red,5.0
55.3625,-34.916666666666664,gal,red,5.0
55.37916666666666,-36.92305555555556,gal,red,5.0
55.39583333333333,-35.44027777777778,gal,red,5.0
55.4,-37.376944444444455,gal,red,5.0
55.41250000000001,-34.833888888888886,gal,red,5.0
55.41666666666667,-36.36305555555556,gal,red,5.0
55.44166666666667,-35.515277777777776,gal,red,5.0
55.44166666666667,-37.48305555555555,gal,red,5.0
55.44583333333333,-36.225,gal,red,5.0
55.4875,-35.88944444444444,gal,red,5.0
55.49166666666667,-36.473055555555554,gal,red,5.0
55.50000000000001,-37.005,gal,red,5.0
55.50416666666667,-34.925,gal,red,5.0
55.52916666666666,-36.23027777777778,gal,red,5.0
55.54166666666667,-33.69611111111111,gal,red,5.0
55.554166666666674,-34.539722222222224,gal,red,5.0
55.5625,-36.12916666666667,gal,red,5.0
55.575,-35.471944444444446,gal,red,5.0
55.579166666666666,-37.07333333333334,gal,red,5.0
55.60416666666667,-35.594722222222224,gal,red,5.0
55.60833333333334,-34.79555555555555,gal,red,5.0
55.62916666666667,-35.02472222222222,gal,red,5.0
55.6375,-35.53194444444445,gal,red,5.0
55.645833333333336,-35.985,gal,red,5.0
55.65,-34.240833333333335,gal,red,5.0
55.6625,-35.76416666666667,gal,red,5.0
55.67083333333334,-34.761944444444445,gal,red,5.0
55.675,-37.066944444444445,gal,red,5.0
55.67916666666667,-35.54055555555556,gal,red,5.0
55.69583333333333,-35.389722222222225,gal,red,5.0
55.72083333333333,-35.554722222222225,gal,red,5.0
55.75,-35.63583333333333,gal,red,5.0
55.75416666666668,-36.74805555555556,gal,red,5.0
55.75833333333333,-35.25083333333333,gal,red,5.0
55.75833333333333,-35.327777777777776,gal,red,5.0
55.83333333333333,-37.22888888888889,gal,red,5.0
55.85416666666666,-37.10888888888889,gal,red,5.0
55.85833333333333,-35.228888888888896,gal,red,5.0
55.85833333333333,-36.57416666666667,gal,red,5.0
55.8625,-34.24472222222222,gal,red,5.0
55.87916666666667,-34.08222222222222,gal,red,5.0
55.8875,-36.00611111111111,gal,red,5.0
55.89583333333334,-35.67444444444445,gal,red,5.0
55.91250000000001,-35.42027777777778,gal,red,5.0
55.92916666666667,-36.69555555555556,gal,red,5.0
55.954166666666666,-35.62583333333333,gal,red,5.0
55.96666666666667,-36.824444444444445,gal,red,5.0
55.98333333333333,-35.83,gal,red,5.0
56.020833333333336,-37.759166666666665,gal,red,5.0
56.04166666666666,-36.17861111111111,gal,red,5.0
56.05,-36.5275,gal,red,5.0
56.09583333333334,-34.62277777777778,gal,red,5.0
56.12083333333333,-36.035833333333336,gal,red,5.0
56.18750000000001,-35.26972222222222,gal,red,5.0
56.208333333333336,-35.535555555555554,gal,red,5.0
56.2125,-35.788333333333334,gal,red,5.0
56.22083333333334,-35.26888888888889,gal,red,5.0
56.22916666666666,-33.878055555555555,gal,red,5.0
56.22916666666666,-36.49722222222222,gal,red,5.0
56.25416666666668,-33.66111111111111,gal,red,5.0
56.25416666666668,-34.585,gal,red,5.0
56.24999999999999,-34.743611111111115,gal,red,5.0
56.26666666666667,-33.62555555555556,gal,red,5.0
56.2875,-36.64861111111111,gal,red,5.0
56.320833333333326,-36.97416666666667,gal,red,5.0
56.34166666666667,-35.60333333333333,gal,red,5.0
56.3875,-34.985,gal,red,5.0
56.39166666666667,-35.68861111111111,gal,red,5.0
56.40833333333334,-36.87638888888889,gal,red,5.0
56.42083333333333,-34.833888888888886,gal,red,5.0
56.454166666666666,-34.88194444444444,gal,red,5.0
56.458333333333336,-35.97361111111111,gal,red,5.0
56.46666666666667,-33.841944444444444,gal,red,5.0
56.47083333333333,-34.935833333333335,gal,red,5.0
56.4875,-35.60722222222222,gal,red,5.0
56.50416666666666,-35.26638888888889,gal,red,5.0
56.56250000000001,-34.75861111111111,gal,red,5.0
56.575,-36.78694444444445,gal,red,5.0
56.583333333333336,-34.52,gal,red,5.0
56.641666666666666,-35.339444444444446,gal,red,5.0
56.65416666666667,-36.69694444444445,gal,red,5.0
56.69583333333334,-35.004444444444445,gal,red,5.0
56.74166666666666,-35.06444444444445,gal,red,5.0
56.75416666666667,-35.01416666666667,gal,red,5.0
56.82083333333333,-34.63305555555556,gal,red,5.0
56.85000000000001,-35.88861111111111,gal,red,5.0
56.93333333333333,-35.04972222222222,gal,red,5.0
56.94166666666667,-36.15638888888889,gal,red,5.0
56.94583333333333,-35.65972222222222,gal,red,5.0
56.94583333333333,-36.95777777777778,gal,red,5.0
56.97500000000001,-35.038333333333334,gal,red,5.0
57.079166666666666,-35.771388888888886,gal,red,5.0
57.08333333333333,-36.34638888888889,gal,red,5.0
57.18333333333333,-35.35333333333333,gal,red,5.0
57.22083333333333,-33.952222222222225,gal,red,5.0
57.27499999999999,-34.532222222222224,gal,red,5.0
57.32083333333333,-36.88527777777778,gal,red,5.0
57.32500000000001,-33.96333333333333,gal,red,5.0
57.53750000000001,-36.410833333333336,gal,red,5.0
57.59166666666667,-35.6625,gal,red,5.0
54.6,-34.64888888888889,gal,red,5.0
55.275,-34.145,gal,red,5.0
55.225,-34.28805555555556,gal,red,5.0
55.17083333333333,-34.94888888888889,gal,red,5.0
54.94583333333333,-34.68694444444444,gal,red,5.0
54.94166666666667,-34.135,gal,red,5.0
54.65833333333333,-33.89805555555556,gal,red,5.0
54.725,-34.17111111111111,gal,red,5.0
54.825,-34.306111111111115,gal,red,5.0
54.62083333333334,-34.69,gal,red,5.0
54.31666666666667,-34.27111111111111,gal,red,5.0
54.28750000000001,-34.291111111111114,gal,red,5.0
53.97083333333333,-34.24305555555556,gal,red,5.0
54.50833333333335,-35.28111111111111,gal,red,5.0
54.73333333333333,-36.66222222222222,gal,red,5.0
54.60416666666667,-36.89,gal,red,5.0
54.6375,-36.44111111111111,gal,red,5.0
54.07083333333333,-36.081944444444446,gal,red,5.0
53.712500000000006,-35.871944444444445,gal,red,5.0
53.71666666666667,-35.623333333333335,gal,red,5.0
54.054166666666674,-35.22388888888889,gal,red,5.0
49.145833333333336,-37.88388888888889,gal,red,5.0
49.31666666666667,-37.47611111111111,gal,red,5.0
49.3,-37.40861111111111,gal,red,5.0
49.24166666666667,-37.361666666666665,gal,red,5.0
49.520833333333336,-37.339444444444446,gal,red,5.0
56.9125,-35.14277777777778,gal,red,5.0
56.07083333333333,-34.77583333333333,gal,red,5.0
55.2875,-36.93194444444445,gal,red,5.0
55.59166666666667,-36.44722222222222,gal,red,5.0
56.29583333333333,-36.463888888888896,gal,red,5.0
54.45,-33.92666666666667,gal,red,5.0
54.11666666666666,-33.71944444444444,gal,red,5.0
54.337500000000006,-34.687222222222225,gal,red,5.0
54.90833333333334,-37.70972222222223,gal,red,5.0
53.97083333333333,-34.85805555555555,gal,red,5.0
53.05416666666667,-34.750277777777775,gal,red,5.0
53.27916666666667,-34.740833333333335,gal,red,5.0
53.77499999999999,-34.46666666666667,gal,red,5.0
53.56666666666667,-35.70444444444445,gal,red,5.0
53.55,-35.52361111111111,gal,red,5.0
53.7875,-36.26972222222222,gal,red,5.0
53.48333333333333,-37.734722222222224,gal,red,5.0
53.40416666666667,-37.51027777777778,gal,red,5.0
52.8375,-37.000277777777775,gal,red,5.0
51.9875,-34.94833333333333,gal,red,5.0
52.212500000000006,-34.835,gal,red,5.0
52.35416666666667,-34.82416666666667,gal,red,5.0
52.56249999999999,-34.51222222222223,gal,red,5.0
52.69166666666668,-35.39416666666666,gal,red,5.0
52.6375,-35.32388888888889,gal,red,5.0
51.77916666666667,-35.193333333333335,gal,red,5.0
51.65,-36.52722222222222,gal,red,5.0
51.9,-36.141666666666666,gal,red,5.0
51.92916666666667,-36.01638888888889,gal,red,5.0
51.72083333333333,-37.39305555555556,gal,red,5.0
51.65,-37.31527777777778,gal,red,5.0
51.67083333333333,-37.22972222222222,gal,red,5.0
52.19583333333333,-37.10111111111111,gal,red,5.0
51.61666666666667,-36.95361111111111,gal,red,5.0
50.97083333333333,-36.92305555555556,gal,red,5.0
50.87916666666666,-36.82555555555555,gal,red,5.0
51.475,-36.71361111111111,gal,red,5.0
51.28333333333333,-36.68666666666667,gal,red,5.0
51.12916666666667,-36.64527777777778,gal,red,5.0
51.38333333333333,-36.47138888888889,gal,red,5.0
50.8625,-36.43833333333333,gal,red,5.0
51.5,-36.39777777777778,gal,red,5.0
51.02916666666666,-36.38194444444444,gal,red,5.0
50.650000000000006,-37.87305555555556,gal,red,5.0
50.86666666666667,-37.84777777777778,gal,red,5.0
51.22500000000001,-37.598333333333336,gal,red,5.0
51.1625,-37.58472222222223,gal,red,5.0
51.50416666666666,-37.570277777777775,gal,red,5.0
51.12083333333333,-37.3025,gal,red,5.0
51.39583333333334,-37.23833333333334,gal,red,5.0
50.525,-37.14277777777779,gal,red,5.0
50.80416666666667,-37.13944444444445,gal,red,5.0
51.34166666666667,-37.07222222222222,gal,red,5.0
51.725,-33.94583333333333,gal,red,5.0
52.37083333333334,-33.45166666666667,gal,red,5.0
52.35000000000001,-33.35916666666667,gal,red,5.0
56.520833333333336,-37.17166666666667,gal,red,5.0
53.77499999999999,-35.106944444444444,gal,red,5.0
54.7,-35.725833333333334,gal,red,5.0
