Name,ra_literature,dec_literature,radvel,ls_id,ref_id,ra,dec,mjd_min,mjd_max,glon,glat,elon,elat,random_id,brickid,objid,maskbits,ra_ivar,dec_ivar,bx,by,dchisq_1,dchisq_2,dchisq_3,dchisq_4,dchisq_5,ebv,pmra,pmdec,parallax,pmra_ivar,pmdec_ivar,parallax_ivar,ref_epoch,gaia_phot_g_mean_mag,gaia_phot_g_mean_flux_over_error,gaia_phot_g_n_obs,gaia_phot_bp_mean_mag,gaia_phot_bp_mean_flux_over_error,gaia_phot_rp_mean_mag,gaia_phot_rp_mean_flux_over_error,gaia_astrometric_excess_noise,gaia_astrometric_excess_noise_sig,gaia_astrometric_weight_al,gaia_a_g_val,gaia_e_bp_min_rp_val,gaia_phot_bp_rp_excess_factor,gaia_astrometric_sigma5d_max,flux_g,flux_r,flux_i,flux_z,flux_w1,flux_w2,flux_w3,flux_w4,flux_ivar_g,flux_ivar_r,flux_ivar_i,flux_ivar_z,flux_ivar_w1,flux_ivar_w2,flux_ivar_w3,flux_ivar_w4,fiberflux_g,fiberflux_r,fiberflux_i,fiberflux_z,fibertotflux_g,fibertotflux_r,fibertotflux_i,fibertotflux_z,mw_transmission_g,mw_transmission_r,mw_transmission_i,mw_transmission_z,mw_transmission_w1,mw_transmission_w2,mw_transmission_w3,mw_transmission_w4,rchisq_g,rchisq_r,rchisq_i,rchisq_z,rchisq_w1,rchisq_w2,rchisq_w3,rchisq_w4,fracflux_g,fracflux_r,fracflux_i,fracflux_z,fracflux_w1,fracflux_w2,fracflux_w3,fracflux_w4,fracmasked_g,fracmasked_r,fracmasked_i,fracmasked_z,fracin_g,fracin_r,fracin_i,fracin_z,psfsize_g,psfsize_r,psfsize_i,psfsize_z,psfdepth_g,psfdepth_r,psfdepth_i,psfdepth_z,galdepth_g,galdepth_r,galdepth_i,galdepth_z,nea_g,nea_r,nea_i,nea_z,blob_nea_g,blob_nea_r,blob_nea_i,blob_nea_z,psfdepth_w1,psfdepth_w2,psfdepth_w3,psfdepth_w4,wise_x,wise_y,sersic,sersic_ivar,shape_r,shape_r_ivar,shape_e1,shape_e1_ivar,shape_e2,shape_e2_ivar,htm9,ring256,nest4096,mag_g,mag_r,mag_i,mag_z,mag_w1,mag_w2,mag_w3,mag_w4,dered_flux_g,dered_flux_r,dered_flux_i,dered_flux_z,dered_flux_w1,dered_flux_w2,dered_flux_w3,dered_flux_w4,dered_mag_g,dered_mag_r,dered_mag_i,dered_mag_z,dered_mag_w1,dered_mag_w2,dered_mag_w3,dered_mag_w4,snr_g,snr_r,snr_i,snr_z,snr_w1,snr_w2,snr_w3,snr_w4,g_r,r_i,r_z,i_z,z_w1,w1_w2,w2_w3,w3_w4,release,brick_primary,fitbits,gaia_phot_bp_n_obs,gaia_phot_rp_n_obs,gaia_phot_variable_flag,gaia_astrometric_n_obs_al,gaia_astrometric_n_good_obs_al,gaia_duplicated_source,gaia_astrometric_params_solved,nobs_g,nobs_r,nobs_i,nobs_z,nobs_w1,nobs_w2,nobs_w3,nobs_w4,ngood_g,ngood_r,ngood_i,ngood_z,anymask_g,anymask_r,anymask_i,anymask_z,allmask_g,allmask_r,allmask_i,allmask_z,wisemask_w1,wisemask_w2,brickname,type,ref_cat,wise_coadd_id
PGC429411,60.31365323781526,-53.48963253055735,1135.0,10995184443589830,435757,60.31343960054607,-53.48964843642176,56593.2771241026,58800.21347854075,263.4393857661921,-46.43101436119886,27.67131769959073,-70.56637418476542,14.778636,65008,1222,4096,1.5629647E12,7.4262213E12,3229.5964,1939.9805,0.0,0.0,0.0,0.0,0.0,0.01626986,0,0,0,0,0,0,0,0.0,0.0,0,0.0,0.0,0.0,0.0,0.0,0.0,0,0,0,0.0,0.0,228.56464,295.65256,343.5223,328.94836,132.04912,76.66777,84.269905,-1231.1471,44.117657,33.181908,14.89437,7.115738,1.2158223,0.37431717,0.0016588764,7.951465E-6,3.7144694,4.8047347,5.5826797,5.3458343,3.7162564,4.807304,5.585002,5.3483877,0.9529793,0.9680779,0.97642606,0.9820167,0.99724656,0.9983081,0.9996389,0.9998636,2.6702387,2.8882701,2.0592782,1.3187667,1.3183148,0.47657478,0.6440079,0.0973236,0.026955225,0.025054503,0.020025458,0.026489161,0.1647545,0.1993417,0.9632245,1.0240557,0.0024761904,0.0028087834,0.0032975215,0.006314332,0.8338815,0.861687,0.92031443,0.8974483,1.3129927,1.1759837,1.2261442,1.22838,6411.641,4844.461,1638.3143,736.32886,3739.1333,2551.2227,883.0528,387.11276,323.30804,317.86136,326.56006,324.35822,328.8223,322.2528,336.18442,337.16882,15.626314,2.9762845,0.0048973286,5.817493E-5,139.69221,190.72473,0.89600205,1284365.2,9.850965,375412.53,-0.39882225,2.1347546E7,0.23837596,1.5799006E7,2303518,709339,140510692,16.602478,16.323046,16.160112,16.20718,17.198162,17.788467,17.68582,,239.84218,305.4016,351.816,334.9723,132.41371,76.7977,84.30035,-1231.3151,16.550186,16.28782,16.13421,16.187477,17.195168,17.786629,17.685427,,1518.152,1703.0693,1325.7634,877.48096,145.60309,46.906464,3.4322548,-3.4716306,0.2794323,0.16293335,0.11586571,-0.047067642,-0.99098206,-0.5903053,0.10264778,,10000,1,528,0,0,0,0,0,0,0,9,10,17,19,562,566,56,56,9,10,17,19,0,0,0,0,0,0,0,0,0,0,0604m535,SER,L3,0591m531
NGC1515,61.00996683419093,-54.10003094002468,1175.0,10995182654718731,889528,61.01017948500232,-54.09987598243031,56548.39051192258,58800.20281966075,264.0948329391098,-45.85179218559859,27.56755391525794,-71.30162285089392,95.957443,63302,779,4112,3.8871357E14,8.975716E13,3328.8955,425.10468,0.0,0.0,0.0,0.0,0.0,0.014222909,0,0,0,0,0,0,0,0.0,0.0,0,0.0,0.0,0.0,0.0,0.0,0.0,0,0,0,0.0,0.0,23486.078,50456.492,72873.29,92651.24,9535.822,14041.949,47398.42,30553.266,0.8236388,0.511488,0.3165494,0.23296212,0.014634626,0.006562036,2.062623E-4,1.6418647E-6,32.717323,70.288506,101.51627,129.06798,32.734833,70.33494,101.60054,129.18324,0.9587713,0.9720374,0.9793611,0.98426133,0.99759257,0.9985208,0.99968433,0.9998808,57.20013,122.03153,104.09108,114.984,10110.754,888.67944,41.101467,0.91462904,0.04078986,0.043633282,0.04520825,0.04809968,3.60566,1.2483383,1.0640095,3.697445,0.0031753452,0.0027358509,0.005417366,0.013874454,0.52555215,0.51707643,0.40052006,0.4266588,1.3738449,1.2136639,1.2805246,1.1189533,5155.608,4693.3354,985.40234,451.00427,3094.7463,2545.953,546.0671,224.52692,195.42717,-416.15,501.3901,1863.2443,0.0,0.0,0.0,0.0,15.484389,2.9529197,0.0049954406,5.828643E-5,317.5981,40.107853,1.2068865,6.671437E8,42.919132,1.2025861E7,0.38525978,1.6988535E10,0.18281503,1.1402539E10,2185695,710903,139111690,11.572974,10.742707,10.343579,10.082871,12.551604,12.131432,10.810591,11.287356,24496.018,51907.977,74409.01,94132.766,9558.835,14062.751,47413.39,30556.908,11.527262,10.711915,10.320936,10.065648,12.548987,12.129825,10.810247,11.287227,21314.684,36085.67,41000.496,44719.188,1153.5833,1137.4877,680.7283,39.14951,0.83026695,0.39912796,0.6598358,0.26070786,-2.4687328,0.4201727,1.3208408,-0.47676563,10000,1,528,0,0,0,0,0,0,0,8,10,13,17,570,574,57,58,8,10,11,12,0,0,64,64,0,0,0,0,0,0,0612m540,SER,L3,0612m546
IC2032,61.76629567706818,-55.32355778700994,1066.0,10995178276918832,1144520,61.76410320457189,-55.32297423672392,56610.2511643226,58800.21082768074,265.5597762358916,-45.05824215087848,26.25429809801699,-72.53436834838176,71.99398,59127,5680,4096,1.0649053E12,1.8422594E12,2239.5168,796.6223,0.0,0.0,0.0,0.0,0.0,0.010605287,0,0,0,0,0,0,0,0.0,0.0,0,0.0,0.0,0.0,0.0,0.0,0.0,0,0,0,0.0,0.0,1178.8644,1611.7275,1902.5255,1898.8822,425.58972,226.05917,1.25404,-1858.366,7.814899,5.837434,1.7462685,0.9103917,0.24623053,0.078026764,5.027858E-4,3.7147847E-6,1.9277494,2.6355932,3.1111233,3.1051657,2.2260842,3.0508049,3.5987103,3.5821,0.96909386,0.97907466,0.9845699,0.98824084,0.99820435,0.99889684,0.9997646,0.9999111,3.0527225,2.5325935,2.1534877,1.3471181,10.045098,1.1170177,0.6312585,0.05763033,0.63108,0.6103354,0.60528237,0.6714097,0.9229993,1.1084515,696.52374,2.7340496,0.008795904,0.006954976,0.005853653,0.0068849954,0.6286698,0.6573094,0.7154501,0.65094894,1.3315411,1.1790942,1.1453205,1.079928,7503.0254,6486.3745,1683.9491,942.7181,4389.3247,3461.2656,862.63196,450.3528,2383.2356,2434.5442,2599.0579,2463.1248,2647.914,2700.1438,2649.701,2632.9524,16.686218,3.1949303,0.005728166,6.658242E-5,216.06226,76.935684,0.65063304,9669320.0,20.920383,148414.62,-0.14597167,6.8280096E7,0.14719224,7.360673E7,2185589,716248,139102349,14.821341,14.481771,14.301674,14.303755,15.927522,16.614445,22.254221,,1216.4604,1646.1743,1932.3417,1921.4772,426.35532,226.30882,1.2543353,-1858.5311,14.787255,14.458811,14.28479,14.290912,15.92557,16.613247,22.253965,,3295.532,3894.0598,2514.1199,1811.808,211.18452,63.14572,0.028119195,-3.581773,0.33957005,0.18009663,0.17801571,-0.0020809174,-1.6237669,-0.686923,-5.639776,,10000,1,528,0,0,0,0,0,0,0,12,16,13,15,599,602,63,63,12,16,13,15,0,0,0,0,0,0,0,0,0,0,0618m552,SER,L3,0613m561
IC2038,62.2257688363482,-55.992814036671696,712.0,10995175714200222,72435,62.22541826017157,-55.99235931461137,56610.25258842258,58800.19486495074,266.33984689998,-44.60027058562692,25.49496537131754,-73.21688439068691,58.511883,56683,6814,4096,1.3051265E13,5.1754765E12,1246.5356,1904.1987,0.0,0.0,0.0,0.0,0.0,0.011301468,0,0,0,0,0,0,0,0.0,0.0,0,0.0,0.0,0.0,0.0,0.0,0.0,0,0,0,0.0,0.0,1455.6267,2363.7017,2918.7944,3177.5579,1382.2256,766.9039,1333.573,2903.8274,5.869325,4.0652404,0.9647393,0.5769855,0.18198282,0.07550135,5.5593246E-4,3.6798945E-6,6.5003242,10.555472,13.034325,14.189873,6.5011783,10.55694,13.036167,14.191927,0.9670988,0.97771645,0.98356533,0.9874738,0.9980866,0.9988245,0.9997492,0.9999053,2.1023324,2.2206264,1.6411794,1.5000468,40.12776,6.925664,0.77021205,0.11431102,0.5267737,0.118525,1.8941811,0.16695303,0.14056167,0.16574964,0.19081943,0.6368924,0.020434394,0.01473048,0.017050052,0.016777653,0.37691557,0.3881828,0.46666783,0.4051705,1.3914263,1.1395502,1.1854001,1.0403614,4420.705,4253.44,587.0217,426.55673,2680.2407,2216.3037,313.20035,199.27937,675.42975,655.0886,672.21796,695.5783,0.0,0.0,0.0,0.0,17.234468,3.220579,0.004904576,5.7189485E-5,121.7729,182.37486,1.188359,7439967.0,24.857178,658045.44,0.27201214,1.1122961E8,-0.425308,1.4582179E8,2186304,719214,136303826,14.592375,14.066018,13.836991,13.744766,14.648553,15.288148,14.687458,13.842573,1505.148,2417.5737,2967.5654,3217.8655,1384.8755,767.80646,1333.9076,2904.1025,14.556052,14.041551,13.818999,13.73108,14.646473,15.286871,14.687185,13.84247,3526.5017,4765.8,2866.8733,2413.659,589.6497,210.72609,31.443277,5.570427,0.5263567,0.2290268,0.32125187,0.092225075,-0.90378666,-0.63959503,0.6006899,0.8448849,10000,1,528,0,0,0,0,0,0,0,8,9,5,8,608,613,58,58,8,9,5,8,0,0,0,0,0,0,0,0,0,0,0621m560,SER,L3,0613m561
IC2039,62.25979871591666,-56.01154976938449,817.0,10995175714200971,533991,62.25979101640939,-56.01156740207083,56610.25258842258,58800.19486495074,266.35689153191,-44.57595985101176,25.50328887582763,-73.24395083888508,40.438698,56683,7563,4096,4.830937E13,5.5805676E13,982.7842,1639.9303,0.0,0.0,0.0,0.0,0.0,0.011423971,0,0,0,0,0,0,0,0.0,0.0,0,0.0,0.0,0.0,0.0,0.0,0.0,0,0,0,0.0,0.0,1546.1321,2653.386,3329.4297,3711.4285,1823.2527,1002.3481,242.12637,2077.1196,6.834291,4.226281,1.5629592,0.957622,0.15924117,0.07579085,6.849631E-4,4.0691743E-6,23.755945,40.76863,51.15588,57.0252,23.758518,40.774353,51.16423,57.03579,0.9667481,0.97747767,0.9833887,0.98733884,0.9980658,0.9988117,0.99974644,0.9999043,4.757151,3.8868563,5.342707,4.033696,19.640594,3.21307,0.68444455,0.09349269,0.37031686,0.22297627,0.17040472,0.086045116,0.042421583,0.053869996,0.7945058,1.0654995,0.008868566,0.0065692468,0.00641028,0.005745864,0.45967782,0.4187204,0.56029665,0.47228566,1.3573751,1.1415719,1.1423558,1.0564846,5197.3486,3919.7363,868.3499,497.66983,3089.6807,2043.563,448.7339,235.51779,843.09,918.2367,903.47656,895.8729,1022.0409,978.3291,982.5428,980.8539,17.234468,3.220579,0.004904576,5.7189485E-5,96.94359,156.89957,2.3895469,4931062.5,14.810019,294790.12,-0.046498716,7.1001144E7,-0.10016326,1.1222065E8,2186307,719214,136303738,14.526883,13.940499,13.694076,13.576147,14.347883,14.997454,16.539894,14.206347,1599.3123,2714.5234,3385.67,3759.022,1826.786,1003.5406,242.18777,2077.3184,14.490167,13.915766,13.675888,13.562313,14.34578,14.996162,16.53962,14.206243,4041.9722,5454.81,4162.3984,3631.9358,727.5696,275.94785,6.3368826,4.1900063,0.5863838,0.24642372,0.36435223,0.1179285,-0.77173615,-0.64957047,-1.5424404,2.3335476,10000,1,528,0,0,0,0,0,0,0,9,8,7,10,608,613,56,56,9,8,7,10,0,0,0,0,0,0,0,0,0,0,0621m560,SER,L3,0613m561
NGC1533,62.46600172246109,-56.11842911452546,764.0,10995175715244260,262064,62.46600786907948,-56.11843922620616,56605.34556066259,58454.31598354075,266.4481752959655,-44.4330054189686,25.57110481009392,-73.39982127164095,8.1196356,56684,2276,53656,2.3727995E15,2.4392019E15,2818.298,171.10678,0.0,0.0,0.0,0.0,0.0,0.016166015,0,0,0,0,0,0,0,0.0,0.0,0,0.0,0.0,0.0,0.0,0.0,0.0,0,0,0,0.0,0.0,37873.754,80412.82,114205.07,143599.17,45217.28,32477.07,24458.61,21038.709,0.45788905,0.22887348,0.059195366,0.048990525,0.0071843346,0.0036654798,2.430607E-4,1.4939758E-6,1009.4327,2143.208,3043.8582,3827.2864,1009.4327,2143.2078,3043.858,3827.2861,0.9532723,0.96827835,0.9765747,0.98213047,0.9972641,0.9983189,0.99964124,0.9998645,1456.1315,579.6652,120.53899,125.62615,28034.62,3066.8716,2.2955222,0.32185772,0.10230128,0.075412996,0.0839928,0.05071208,0.009705071,0.010869157,0.014487501,0.0991623,0.019687034,0.06548666,0.084185064,0.090313055,0.40494958,0.45184264,0.36630747,0.43121153,1.3993131,1.12054,1.145615,1.0848938,4322.8057,382.0001,0.0,0.0,2641.6414,214.39201,0.0,0.0,1182.7936,998.55927,1026.0374,1002.6213,1477.4434,116.81591,0.0,0.0,17.610964,3.3222914,0.005796646,6.6658045E-5,196.32808,20.754534,5.919973,2.138336E7,46.76709,7889877.5,0.07562907,5.4217923E9,-0.064455636,5.1295887E9,2186306,719946,136281849,11.054154,10.236687,9.855786,9.6071205,10.861739,11.221058,11.52892,11.692452,39730.258,83047.22,116944.53,146211.9,45341.332,32531.76,24467.387,21041.56,11.002196,10.201687,9.83005,9.5875435,10.858765,11.219231,11.528531,11.692306,25628.223,38470.074,27786.205,31783.959,3832.6372,1966.266,381.3196,25.715258,0.8174677,0.38090038,0.6295662,0.24866581,-1.2546186,-0.35931873,-0.30786228,-0.16353226,10000,1,528,0,0,0,0,0,0,0,9,9,5,9,628,626,57,57,8,1,0,0,0,2,2,2,0,0,2,2,1,0,0625m560,SER,L3,0613m561
NGC1536,62.75016534584733,-56.48326977025875,1296.0,10995174034375715,1388661,62.74962486513004,-56.48160912949378,56602.35457260258,58454.31598354075,266.8605368528178,-44.16926170705924,25.16267458358877,-73.77842599630979,56.350803,55081,1059,4096,1.6754887E13,5.866816E12,3185.7896,2050.3562,0.0,0.0,0.0,0.0,0.0,0.021842994,0,0,0,0,0,0,0,0.0,0.0,0,0.0,0.0,0.0,0.0,0.0,0.0,0,0,0,0.0,0.0,7089.6836,12521.178,16360.537,19158.047,5552.8022,3934.1377,18277.203,13753.243,1.7493644,1.1498632,0.18242581,0.14531898,0.047302537,0.019888014,2.2880327E-4,1.8700774E-6,8.059492,14.233969,18.59852,21.778706,10.441756,16.67468,21.371523,24.766094,0.9373864,0.95737916,0.9684794,0.9759313,0.9963051,0.99772924,0.9995153,0.99981695,21.486677,40.00652,28.815916,17.182503,791.73676,112.17307,12.584747,0.3353858,0.060587108,0.040009238,0.03455076,0.02964625,0.39829075,0.31124336,0.3378014,0.92230386,0.00763148,0.00714359,0.005843517,0.006412109,0.7720399,0.77077514,0.5960573,0.7634522,1.4497172,1.1122885,1.1568854,1.086114,4538.7207,4336.156,514.04156,381.32617,2813.5447,2187.9834,266.194,185.83661,1394.04,1401.6702,1385.3901,1377.0728,0.0,0.0,0.0,0.0,17.52426,3.2752388,0.0050883153,5.929159E-5,306.8237,195.88512,0.97338206,6.221964E7,33.167164,595734.06,0.23972534,8.953771E8,-0.09721901,4.8155805E8,2186357,720674,136281227,12.873433,12.255887,11.965507,11.794122,13.13872,13.512877,11.845225,12.153987,7563.2456,13078.599,16893.016,19630.53,5573.3955,3943.0916,18286.066,13755.761,12.803229,12.208597,11.930732,11.76767,13.134701,13.510407,11.844699,12.153789,9377.066,13426.669,6987.8037,7303.187,1207.6871,554.8113,276.46545,18.807667,0.6175461,0.29038048,0.4617653,0.17138481,-1.3445978,-0.37415695,1.6676512,-0.3087616,10000,1,528,0,0,0,0,0,0,0,9,9,4,9,628,629,57,57,9,8,4,9,0,1,0,0,0,0,0,0,0,0,0629m565,SER,L3,0639m561
NGC1543,63.17989797619096,-57.737827814686966,1148.0,10995169926060458,676641,63.17986817222354,-57.73785411072693,56605.3441627026,58455.24193796074,268.4062682363651,-43.54436202735365,22.68984297677438,-74.86784502300641,38.936527,51163,6570,53720,1.1554211E15,1.7356747E15,1848.3506,1966.3877,0.0,0.0,0.0,0.0,0.0,0.027286295,0,0,0,0,0,0,0,0.0,0.0,0,0.0,0.0,0.0,0.0,0.0,0.0,0,0,0,0.0,0.0,46305.582,96548.7,135649.48,169271.28,31354.922,33710.176,29174.074,22674.328,0.5039039,0.24698359,0.0752018,0.055899248,0.008367026,0.0034496803,1.671281E-4,1.131507E-6,636.4071,1326.9303,1864.3173,2326.403,636.4072,1326.9305,1864.3175,2326.4033,0.9224031,0.94704384,0.96078026,0.9700241,0.9953865,0.99716413,0.99939454,0.99977136,175.63118,310.07095,312.394,295.42514,47540.324,4759.9155,7.0686655,0.26416487,0.43413463,0.17106524,0.043895863,0.05236253,0.07288045,0.02493115,0.04461798,0.17819585,0.009792151,0.035575844,0.05505722,0.05582417,0.3555856,0.3504817,0.34662318,0.34693897,1.4294041,1.136669,1.2288506,1.175624,3401.8872,0.0,0.0,0.0,2075.9138,0.0,0.0,0.0,3268.5588,3126.4893,3313.1064,3133.378,1961.861,0.0,0.0,0.0,17.60356,3.2629693,0.0041876733,4.879686E-5,177.39769,188.75557,4.085543,6.239212E7,45.74226,2.1615154E7,-0.15769683,1.0663158E10,-0.03847604,8.5137403E9,2186463,725654,136269496,10.835917,10.038134,9.668955,9.428542,11.259235,11.180597,11.337507,11.611164,50201.027,101947.45,141186.8,174502.14,31500.248,33806.047,29191.748,22679.514,10.748219,9.979059,9.625515,9.395498,11.254215,11.177514,11.33685,11.610915,32870.57,47982.24,37199.086,40020.848,2868.08,1979.9327,377.1567,24.11921,0.7977829,0.36917877,0.6095915,0.24041271,-1.8306932,0.07863808,-0.15690994,-0.27365685,10000,1,528,0,0,0,0,0,0,0,11,10,6,10,636,639,49,49,6,0,0,0,0,2,2,2,0,2,2,2,1,0,0631m577,SER,L3,0636m576
PGC381152,63.58447259041829,-58.20736977965901,1233.0,10995168322789361,1252094,63.58446464325638,-58.20747027446048,56611.15175854259,58455.24331105073,268.9201076226751,-43.18793863938154,22.02331788642071,-75.35493322012978,61.222382,49634,8177,4096,9.928642E12,6.1768283E12,1501.5566,2383.787,0.0,0.0,0.0,0.0,0.0,0.02592827,0,0,0,0,0,0,0,0.0,0.0,0,0.0,0.0,0.0,0.0,0.0,0.0,0,0,0,0.0,0.0,264.66217,365.4177,428.3213,420.08273,190.663,112.12393,77.973175,-702.33844,56.11818,38.77833,10.185575,5.007362,1.1193558,0.4139348,0.0019646154,8.976712E-6,6.6685324,9.207209,10.792152,10.584571,6.687117,9.247906,10.844398,10.647372,0.9261186,0.94961184,0.96269536,0.9714945,0.99561554,0.9973051,0.99942464,0.9997827,3.5944862,4.5854254,5.0739026,1.6966624,1.6167436,0.44937068,0.60116065,0.071121775,0.059085015,0.05359381,0.045602776,0.06264707,0.179924,0.20148048,2.4331894,2.7220736,0.0043414915,0.0024030355,0.0032894604,0.0031481786,0.69242424,0.733218,0.7777853,0.73435277,1.2999882,1.119119,1.1957921,1.1731427,7961.029,5865.2476,1001.3672,441.24097,4630.1895,3001.0366,534.1719,230.37128,248.2203,246.98636,249.44835,249.46783,249.60736,247.591,249.45863,249.82985,17.27759,3.263308,0.0049129482,5.7237234E-5,143.69714,161.24165,1.1096961,1439169.1,6.31691,346715.25,0.12458652,1.8487228E7,-0.12420626,1.7685648E7,2184675,727041,136268089,16.44327,16.093025,15.920576,15.941663,16.799334,17.375753,17.770138,,285.77567,384.80743,444.91882,432.40875,191.50262,112.42691,78.01807,-702.4911,16.359938,16.036892,15.879298,15.910264,16.794563,17.372824,17.769512,,1982.639,2275.5383,1366.9808,940.02484,201.7207,72.13803,3.4560816,-2.1042876,0.35024452,0.17244911,0.15136242,-0.021086693,-0.8576708,-0.57641983,-0.39438438,,10000,1,528,0,0,0,0,0,0,0,11,11,7,11,624,625,55,56,11,11,7,11,0,0,0,0,0,0,0,0,0,0,0635m582,SER,L3,0636m576
NGC1546,63.65257037882457,-56.06048111481024,1238.0,10995175717350501,248741,63.65187782970791,-56.06068052347999,56602.35457260258,58454.31598354075,266.0910519115783,-43.82037178168894,27.50508113166754,-73.77735129332987,77.131416,56686,11365,4352,7.8608095E14,5.003642E14,558.4135,964.2679,0.0,0.0,0.0,0.0,0.0,0.014715297,0,0,0,0,0,0,0,0.0,0.0,0,0.0,0.0,0.0,0.0,0.0,0.0,0,0,0,0.0,0.0,17202.725,38354.555,58224.94,76170.2,11292.056,14030.316,231269.33,205918.83,0.89880806,0.49335635,0.14212593,0.1220381,0.013796384,0.0056309113,3.4901104E-4,2.44219E-6,108.48068,241.86449,367.1675,480.33063,110.61189,250.18266,381.97662,502.31262,0.9573749,0.97108346,0.97865427,0.9837209,0.9975093,0.99846965,0.9996734,0.9998767,73.740166,171.32265,181.20413,226.23782,9694.644,1576.3544,2331.5703,40.66927,0.07051316,0.07306709,0.19021781,0.11884211,4.7551756,2.0967643,0.2835081,0.98241234,0.0049890797,0.0054939007,0.0049007377,0.0059513478,0.38537195,0.35798648,0.42048994,0.42016643,1.3333809,1.1126509,1.1295521,1.1170868,4598.1597,4502.1685,628.5068,403.70486,2694.2317,2300.7627,321.37344,203.0576,3023.3423,2854.7617,3370.3127,2859.4082,3366.1338,3474.0056,3290.1897,3377.094,17.500477,3.3907824,0.006345524,7.3948104E-5,54.353226,93.50515,2.4267168,1.3688858E8,37.8627,2064475.0,0.16622952,3.576799E9,-0.34919637,4.604672E9,2185914,719217,139076503,11.911007,11.040458,10.587228,10.295537,12.368068,12.132331,9.0897045,9.21576,17968.64,39496.66,59494.902,77430.7,11320.251,14051.82,231344.88,205944.22,11.863712,11.008599,10.563801,10.277717,12.36536,12.130669,9.089351,9.215626,16309.127,26939.982,21950.566,26609.262,1326.3424,1052.8265,4320.536,321.7998,0.8705492,0.4532299,0.74492073,0.29169083,-2.0725307,0.23573685,3.0426264,-0.12605572,10000,1,528,0,0,0,0,0,0,0,8,8,5,10,624,624,73,72,8,8,5,10,0,0,0,0,0,0,0,0,1,0,0634m560,SER,L3,0639m561
PGC075108,63.670536726536994,-58.13195351947724,1242.0,10995168322791662,1137601,63.6704782743549,-58.13196188527227,56605.3441627026,58455.24193796074,268.8019370875801,-43.16967107306155,22.36005474122826,-75.33256728034247,80.516144,49634,10478,4096,9.832722E12,2.618685E13,876.9378,3420.5305,0.0,0.0,0.0,0.0,0.0,0.02677354,0,0,0,0,0,0,0,0.0,0.0,0,0.0,0.0,0.0,0.0,0.0,0.0,0,0,0,0.0,0.0,282.4666,437.59488,525.4022,544.2338,272.16437,156.91826,145.01192,1615.2347,55.406387,34.701626,7.2237725,4.6352935,1.0102282,0.41817573,0.0021475928,9.168059E-6,11.259543,17.443188,20.943321,21.693977,11.263087,17.449953,20.952362,21.70472,0.9238042,0.9480126,0.9615029,0.970579,0.99547297,0.99721736,0.99940586,0.99977565,6.701941,7.8756576,6.7531743,3.2810268,2.8489487,0.46574903,0.5572747,0.050343603,0.0031701622,0.004594702,0.005551989,0.007178301,0.06974862,0.066628136,0.32978407,0.8356691,0.0048750793,0.013000446,0.022020297,2.2588036E-4,0.6884187,0.7364792,0.623386,0.68728995,1.3105348,1.1478751,1.2362777,1.1055624,6842.831,4579.9746,523.6947,335.49976,3967.3118,2393.9028,287.00583,165.8706,165.39693,165.11006,160.17455,165.67427,178.62183,172.45848,161.54164,168.67697,17.27759,3.263308,0.0049129482,5.7237234E-5,84.40203,260.15744,1.3574226,1261437.4,5.857499,1103196.4,-0.26071882,2.7841926E7,-0.053091973,1.5313457E7,2184464,727041,136268146,16.372581,15.89732,15.698771,15.660536,16.412922,17.010817,17.09649,14.479411,305.7646,461.59186,546.43854,560.7311,273.40207,157.35612,145.09813,1615.5972,16.286531,15.839355,15.656147,15.628114,16.407995,17.007792,17.095846,14.479167,2102.5535,2577.7876,1412.1276,1171.7208,273.5527,101.47356,6.720161,4.8907375,0.4752617,0.19854927,0.23678398,0.03823471,-0.7523861,-0.59789467,-0.085674286,2.6170797,10000,1,528,0,0,0,0,0,0,0,10,9,4,8,622,624,54,54,10,9,4,8,0,0,0,0,0,0,0,0,0,0,0635m582,SER,L3,0636m576
NGC1549,63.93797043296642,-55.59222428383444,1202.0,10995177421283476,1316993,63.93797397699787,-55.59223046776231,56610.25258842258,58507.12813738074,265.4052610656573,-43.80144780306981,28.98894727680851,-73.51147944495223,47.257824,58311,8340,53656,9.6113885E14,1.2802308E15,1334.2136,532.0093,0.0,0.0,0.0,0.0,0.0,0.012295327,0,0,0,0,0,0,0,0.0,0.0,0,0.0,0.0,0.0,0.0,0.0,0.0,0,0,0,0.0,0.0,86670.8,175878.17,241305.08,295685.34,37226.074,40727.04,46210.543,31524.096,0.19476365,0.12000702,0.035505395,0.0358185,0.007694903,0.0029801575,2.1224169E-4,1.5191841E-6,739.31647,1500.2704,2058.3728,2522.2458,739.31647,1500.2704,2058.3728,2522.2458,0.9642577,0.9757807,0.9821331,0.98637974,0.9979185,0.9987212,0.99972713,0.99989694,274.8604,182.67273,110.52229,102.91698,73459.2,10016.556,41.27615,0.56005764,0.04941363,0.05024799,0.02756952,0.024752084,0.061893366,0.06691741,0.038204506,0.09967289,0.010038635,0.046387073,0.05785579,0.08058302,0.3173874,0.3216136,0.41040266,0.35486096,1.2943012,1.1350366,1.159534,1.1395065,4453.783,181.63544,0.0,0.0,2556.798,102.73629,0.0,0.0,4546.85,3916.1,4030.5618,4072.7112,5079.367,213.90811,0.0,0.0,17.298758,3.3139787,0.006167081,7.18608E-5,127.79333,51.37864,3.3895493,1.5800792E8,42.907627,6374962.0,-0.015584574,1.2862009E10,-0.058887776,1.6668088E10,2186008,717743,139077594,10.155318,9.3869705,9.043584,8.822926,11.072882,10.975293,10.838147,11.253393,89883.44,180243.55,245694.89,299768.25,37303.723,40779.188,46223.156,31527.346,10.115801,9.360351,9.02401,8.808036,11.07062,10.973904,10.837851,11.253282,38249.586,60927.77,45468.816,55960.746,3265.4934,2223.3225,673.2191,38.855083,0.76834774,0.34338665,0.56404495,0.2206583,-2.2499561,0.09758854,0.137146,-0.415246,10000,1,528,0,0,0,0,0,0,0,7,9,5,10,619,628,74,74,7,1,0,0,0,2,2,2,0,0,2,2,1,0,0638m555,SER,L3,0639m561
NGC1553,64.04373051710596,-55.78003310009107,1201.0,10995176566696574,1145737,64.04369321974897,-55.78001839709658,56602.35457260258,58507.12813738074,265.6312771432184,-43.69118868973688,28.74384100059869,-73.69594940166715,4.6980882,57496,10878,54232,1.0373479E15,7.602981E14,740.4089,1385.986,0.0,0.0,0.0,0.0,0.0,0.014837363,0,0,0,0,0,0,0,0.0,0.0,0,0.0,0.0,0.0,0.0,0.0,0.0,0,0,0,0.0,0.0,121040.09,247772.14,343493.28,424376.9,62945.707,36346.473,85568.16,81528.4,0.18743753,0.096371256,0.032478843,0.02894258,0.005374788,0.0027553842,1.9631085E-4,1.5157957E-6,408.77716,836.77716,1160.047,1433.2076,408.7772,836.7772,1160.0471,1433.2078,0.957029,0.97084713,0.97847915,0.983587,0.9974887,0.99845695,0.9996707,0.99987566,200.72011,289.64935,233.67314,228.29062,88522.914,17784.104,310.01956,7.4200172,0.025667474,0.027491685,0.024060857,0.015352963,0.11105076,0.08945903,0.042502962,0.14094652,0.0062627415,0.021109272,0.028916745,0.045539536,0.3752693,0.3479034,0.3069379,0.32753015,1.3618501,1.1496079,1.1717016,1.1276281,4357.441,0.0,0.0,0.0,2603.1775,0.0,0.0,0.0,6614.9775,6641.2393,6338.1455,6537.309,6975.922,0.0,0.0,0.0,17.323305,3.3489604,0.006257204,7.290444E-5,71.74471,132.54729,2.2200606,4.8715485E8,44.50986,2.4982666E7,0.10931467,2.9400138E10,-0.19094516,3.448788E10,2185910,717743,139077402,9.792677,9.014869,8.660204,8.43062,10.502584,11.098845,10.16922,10.221727,126474.84,255212.31,351048.12,431458.4,63104.184,36402.645,85596.34,81538.54,9.744989,8.982746,8.636583,8.412653,10.499855,11.097168,10.168862,10.221593,52403.168,76917.69,61903.973,72197.2,4614.7354,1907.8901,1198.9038,100.37585,0.7778082,0.3546648,0.58424854,0.22958374,-2.0719643,-0.5962601,0.92962456,-0.0525074,10000,1,528,0,0,0,0,0,0,0,8,7,4,7,607,612,69,70,8,0,0,0,0,2,2,2,0,2,2,2,97,1,0639m557,SER,L3,0639m561
IC2058,64.47709554956128,-55.93161076338205,1397.0,10995175719444861,347982,64.476942090469,-55.93176900701678,56602.35457260258,58454.31598354075,265.7379724314088,-43.41517903769552,29.09070457753748,-73.96582188373469,7.7787614,56688,8573,4096,4.7628998E13,5.932762E12,1062.469,2736.5154,0.0,0.0,0.0,0.0,0.0,0.016095586,0,0,0,0,0,0,0,0.0,0.0,0,0.0,0.0,0.0,0.0,0.0,0.0,0,0,0,0.0,0.0,3583.255,6007.431,7688.5376,8793.646,4167.19,2589.9502,5759.1313,-4133.586,3.4117064,2.4234304,0.53931427,0.25983673,0.066868596,0.030770825,4.1206478E-4,2.7567817E-6,5.177554,8.680321,11.109403,12.706208,5.3177123,8.914326,11.439698,13.119459,0.95347106,0.96841437,0.97667557,0.9822076,0.997276,0.99832624,0.9996428,0.9998651,8.989915,13.370083,7.912645,4.6182227,106.24012,18.292234,4.160136,0.1615384,0.10876047,0.08515921,0.08635316,0.080249555,0.52426755,0.522586,1.1166887,5.576998,0.005405756,0.005976966,0.009457674,0.007565632,0.60869277,0.65914625,0.6650692,0.5677766,1.3656492,1.1383994,1.1497234,1.0929263,4366.6094,4343.319,650.142,298.171,2605.3115,2262.306,337.2105,147.17926,518.5595,540.6028,573.57935,230.06621,0.0,0.0,0.0,0.0,17.297962,3.3397436,0.0063500297,7.396323E-5,103.15971,261.69037,0.63283384,5.0168004E7,50.210175,1566552.6,0.622147,2.7277896E9,0.46772668,2.1593162E9,2185905,718483,139076931,13.614305,13.053278,12.785391,12.639578,13.450392,13.966771,13.099108,,3758.116,6203.3687,7872.151,8952.94,4178.5723,2594.2925,5761.1895,-4134.1436,13.562574,13.018431,12.759767,12.620086,13.447431,13.964952,13.09872,,6618.56,9351.991,5646.3096,4482.4893,1077.592,454.3191,116.90679,-6.8632236,0.5610275,0.26788712,0.4137001,0.14581299,-0.8108139,-0.51637936,0.8676634,,10000,1,528,0,0,0,0,0,0,0,8,8,5,7,618,624,71,72,8,8,5,7,0,0,0,0,0,0,0,0,0,0,0643m560,SER,L3,0639m561
2MASXJ04180709-5555503,64.53066425269685,-55.93015154077487,1369.0,10995175719446300,618732,64.5306228848124,-55.93018469559954,56602.35457260258,58454.31598354075,265.7243683279198,-43.38673422286953,29.17971023469778,-73.98323039267126,50.513165,56688,10012,4096,1.1919683E13,5.209923E12,649.2339,2757.5522,0.0,0.0,0.0,0.0,0.0,0.016048634,0,0,0,0,0,0,0,0.0,0.0,0,0.0,0.0,0.0,0.0,0.0,0.0,0,0,0,0.0,0.0,416.03293,623.74176,752.77405,787.6601,422.77164,256.3326,304.83316,1926.4905,24.504091,19.250183,5.1072206,2.0549073,0.71921617,0.30355236,0.0022767652,1.0844437E-5,8.079093,12.112665,14.618389,15.295854,8.087954,12.12964,14.639154,15.318303,0.95360357,0.968505,0.9767428,0.98225904,0.99728394,0.9983311,0.99964386,0.9998655,4.6872935,4.5480046,3.1921723,1.6598768,25.2127,5.096759,0.6283574,0.08681096,0.0065650214,0.0074277776,0.0073985527,0.00862699,0.020192752,0.046729647,0.1888159,0.83693856,0.0058664475,0.010142707,0.0041623223,0.0057614,0.8162664,0.7606369,0.88618624,0.69624484,1.355897,1.1210419,1.1497234,1.0768948,3681.2014,3729.214,650.142,259.72437,2183.808,1915.676,337.2105,126.59389,287.6463,276.2762,280.13275,280.04257,294.24066,282.1384,285.43945,289.99457,17.297962,3.3397436,0.0063500297,7.396323E-5,63.778244,263.47714,0.98451656,2341117.2,7.4024153,886327.6,0.21818107,3.6245656E7,0.12198725,2.4325464E7,2185905,719219,139071471,15.952181,15.512488,15.308338,15.259153,15.934735,16.477991,16.289845,14.288083,436.2745,644.0253,770.6983,801.88635,423.92303,256.7611,304.94177,1926.7496,15.9006,15.477742,15.282789,15.239717,15.931783,16.476177,16.289457,14.287937,2059.43,2736.669,1701.2062,1129.1067,358.5383,141.22795,14.545255,6.3441052,0.4396925,0.2041502,0.253335,0.0491848,-0.67558193,-0.5432558,0.18814659,2.0017614,10000,1,528,0,0,0,0,0,0,0,7,7,5,6,634,635,69,70,7,7,5,6,0,0,0,0,0,0,0,0,0,0,0643m560,SER,L3,0639m561
ESO118-019,64.74813153575634,-58.25746451977266,1239.0,10995168325927646,853521,64.74799487023363,-58.25734421985842,56605.3441627026,58455.24331105073,268.7187777600538,-42.59131346488071,23.65022891022216,-75.81727884810925,4.8329697,49637,734,4096,2.8664301E13,2.5121822E13,3336.6218,1696.1614,0.0,0.0,0.0,0.0,0.0,0.021475896,0,0,0,0,0,0,0,0.0,0.0,0,0.0,0.0,0.0,0.0,0.0,0.0,0,0,0,0.0,0.0,1281.3923,2970.723,4402.7036,5685.141,3439.6973,2391.938,19599.145,103750.47,8.739136,3.7715757,1.181013,0.60347563,0.10945535,0.04835936,5.579997E-4,3.511202E-6,11.030554,25.572744,37.8996,48.93915,11.036061,25.580656,37.908035,48.94548,0.9384056,0.95808023,0.9690008,0.976331,0.9963671,0.9977673,0.9995234,0.99982,29.529613,35.06652,24.210152,22.514812,1632.6383,381.72134,245.7793,14.025346,0.013093718,0.0099874195,0.007065656,0.005927343,0.055282746,0.084842086,0.24441977,0.61943,0.018657647,0.022353772,0.013049191,0.01725296,0.74593186,0.7083265,0.80948776,0.7680575,1.3306276,1.1243868,1.1436629,1.1962585,6310.1606,4205.2188,921.2583,349.60284,3703.0623,2170.2231,472.35324,185.03157,1249.9825,1185.8779,1221.5013,1196.2926,1313.9915,1340.3776,1325.8058,1339.4941,17.977106,3.3626583,0.0046399576,5.40305E-5,296.19318,90.301605,1.6996481,1.8281048E7,16.745337,331346.88,0.04735152,8.770376E7,0.20521826,1.710429E8,2184469,727043,136267027,14.730795,13.817844,13.390701,13.113147,13.658699,14.053125,11.769407,9.960025,1365.4995,3100.7036,4543.55,5822.965,3452.239,2397.2903,19608.49,103769.15,14.661771,13.771349,13.356512,13.087139,13.654748,14.050698,11.768889,9.959829,3788.0557,5769.3057,4784.613,4416.4277,1137.9907,526.0054,462.97134,194.40973,0.9129505,0.4271431,0.7046976,0.2775545,-0.54555225,-0.39442635,2.283718,1.8093824,10000,1,528,0,0,0,0,0,0,0,9,8,6,9,642,645,49,49,9,8,6,9,0,0,0,0,0,0,0,0,0,0,0649m582,SER,L3,0636m576
NGC1566,65.00184751156341,-54.93758756328032,1504.0,10995179149337353,83542,65.0019377770944,-54.93791329683209,56577.3267889526,58507.12813738074,264.3102181247172,-43.3931350360068,32.06778019797361,-73.35321608030166,5.7104402,59959,8969,53724,7.987824E14,5.8970995E14,547.8888,2651.1824,0.0,0.0,0.0,0.0,0.0,0.009086905,0,0,0,0,0,0,0,0.0,0.0,0,0.0,0.0,0.0,0.0,0.0,0.0,0,0,0,0.0,0.0,86637.66,161486.62,218454.12,264518.06,12702.485,30967.91,458839.53,1004305.2,0.1695149,0.0845779,0.021482928,0.024658108,0.007455771,0.0025011755,9.188824E-5,7.161887E-7,483.24347,900.73254,1218.4832,1475.4165,483.24924,900.7375,1218.4886,1475.4205,0.9734595,0.9820435,0.9867644,0.9899159,0.99846125,0.99905473,0.9997983,0.9999238,176.2499,118.93925,101.80137,122.80213,31394.328,7084.602,3736.8528,195.55424,0.10887774,0.08920219,0.14951566,0.08613642,2.797021,0.60287577,0.25919545,0.32073054,0.019151473,0.036617517,0.0469941,0.04190805,0.24036178,0.2584255,0.2158555,0.22679912,1.3144792,1.110663,1.0357872,1.1309717,3595.0486,0.0,0.0,0.0,2137.9866,0.0,0.0,0.0,12060.365,11992.359,0.0,12334.217,0.0,0.0,0.0,0.0,18.008633,3.3494272,0.005989264,6.976195E-5,54.595318,253.0279,3.2470834,1.7876685E8,75.78598,6.936995E8,0.14064805,1.0982082E10,-0.021583684,7.2257633E9,2186220,714748,139092030,10.155733,9.479659,9.151599,8.943862,12.240278,11.27272,8.345848,7.4953356,88999.76,164439.38,221384.28,267212.66,12722.062,30997.21,458932.1,1004381.8,10.126528,9.459986,9.137133,8.9328575,12.238606,11.271693,8.345629,7.495253,35670.617,46963.992,32018.943,41537.008,1096.8191,1548.7595,4398.3604,849.9228,0.676074,0.32806015,0.5357971,0.20773697,-3.2964163,0.9675579,2.9268723,0.8505125,10000,1,528,0,0,0,0,0,0,0,9,8,4,8,641,643,69,70,6,0,0,0,66,2,2,2,0,2,2,2,1,0,0648m550,SER,L3,0638m546
NGC1574,65.4947908694959,-56.974555571421966,1041.0,10995172379725239,323550,65.49479139994399,-56.9745637983426,56602.35457260258,58454.31739568074,266.8937129624971,-42.58491734643405,28.25461898834743,-75.1295138418716,38.591068,53503,3511,53720,2.1895777E15,2.3601014E15,2275.6636,2148.7834,0.0,0.0,0.0,0.0,0.0,0.016295455,0,0,0,0,0,0,0,0.0,0.0,0,0.0,0.0,0.0,0.0,0.0,0.0,0,0,0,0.0,0.0,54167.258,111921.2,156148.97,193850.72,61191.324,47556.586,42409.457,36154.832,0.37894285,0.16755742,0.041395083,0.036087308,0.00714921,0.003369269,4.8421352E-4,2.9166108E-6,1350.653,2790.7393,3893.5527,4833.6406,1350.6531,2790.7395,3893.5527,4833.6406,0.9529071,0.9680285,0.9763894,0.98198867,0.9972422,0.99830544,0.9996384,0.99986345,1949.8191,97.152596,94.2738,112.71712,62351.406,6087.813,138.13545,2.1582124,0.09788912,0.02938007,0.03728083,0.031996027,0.038019214,0.023197895,0.040999647,0.139659,0.023258638,0.09809543,0.13680547,0.13610408,0.39068273,0.4249054,0.3445001,0.37434378,1.390211,1.1576642,1.132661,1.1253117,3767.955,0.0,0.0,0.0,2268.9531,0.0,0.0,0.0,1232.3022,1133.2725,1090.3075,1123.7103,1198.7677,0.0,0.0,0.0,18.245193,3.498242,0.006898544,8.03014E-5,219.07324,206.47894,4.9732585,3.1715806E7,29.304825,1535924.0,0.032442946,8.917067E9,-0.018784415,7.545369E9,2185767,722837,139067845,10.665658,9.877719,9.516152,9.281331,10.533276,10.806973,10.931343,11.104584,56844.22,115617.66,159924.89,197406.27,61360.543,47637.31,42424.797,36159.77,10.613284,9.84244,9.49021,9.261598,10.530277,10.805132,10.93095,11.104436,33344.46,45813.574,31769.729,36825.16,5173.91,2760.4412,933.21387,61.74554,0.7879391,0.36156654,0.59638786,0.23482132,-1.2519445,-0.27369785,-0.12436962,-0.17324066,10000,1,528,0,0,0,0,0,0,0,9,8,4,7,647,650,79,79,8,0,0,0,0,2,2,2,0,2,2,2,1,0,0655m570,SER,L3,0664m576
APMBGC157+016+068,65.7152653300779,-56.2272153196429,1345.0,10995174878486697,982493,65.71547397072597,-56.22732993670925,56627.3265006226,58454.31739568074,265.8712930315286,-42.66983821992451,30.42097236189858,-74.62570085615984,5.1173887,55886,8361,4096,1.2962982E11,3.6099572E11,894.67316,2110.2195,0.0,0.0,0.0,0.0,0.0,0.018911684,0,0,0,0,0,0,0,0.0,0.0,0,0.0,0.0,0.0,0.0,0.0,0.0,0,0,0,0.0,0.0,340.05435,456.65973,537.07135,531.2536,166.23383,83.08708,-34.57087,-181.8905,8.622721,4.620404,1.2205766,0.5505886,0.6270141,0.17139257,9.988955E-4,6.439787E-6,1.1814513,1.5865736,1.8659478,1.8457352,1.1815913,1.5867527,1.8661585,1.8459339,0.94555575,0.96299154,0.972651,0.97912735,0.9968002,0.99803364,0.9995803,0.9998415,1.2290927,1.186821,1.1170689,1.0188522,1.8310342,0.51981103,0.67986095,0.090171665,0.055140976,0.049342647,0.05060946,0.055691253,0.24454224,0.36939022,5.132539,6.036801,0.033204235,0.051224127,0.026908863,0.028793477,0.6868679,0.72931635,0.8159161,0.76052594,1.3320628,1.1211823,1.1643245,1.1158068,3382.1602,2151.5757,537.95374,257.8564,1965.5188,1057.4658,280.06052,129.237,1205.6525,1230.4048,1226.4679,1255.5767,1286.2576,1122.515,1287.5703,1292.7675,18.232649,3.4410949,0.0065373727,7.608256E-5,88.0825,205.2194,0.6870237,663064.75,17.167208,10374.424,-0.26082298,5424963.5,-0.24083827,5004147.5,2185970,719952,139072093,16.17113,15.851018,15.67492,15.686746,16.948202,17.701166,,,359.63437,474.2095,552.1727,542.5787,166.76746,83.250786,-34.585384,-181.91934,16.110348,15.810075,15.644813,15.663843,16.944721,17.69903,,,998.5516,981.59576,593.35486,394.19897,131.63097,34.39771,-1.092623,-0.4615787,0.32011127,0.17609787,0.16427231,-0.011825562,-1.2614565,-0.752964,,,10000,1,528,0,0,0,0,0,0,0,6,5,4,6,652,657,74,75,6,4,4,6,0,2048,0,0,0,0,0,0,0,0,0655m562,SER,L3,0666m561
NGC1581,66.1869794415478,-54.94200127471729,1600.0,10995179152480921,801828,66.18703050976974,-54.94202021280294,56577.3267889526,58454.31322462074,264.0871298308396,-42.73217160251351,34.01734171089437,-73.75172743681843,2.9155407,59962,6809,4096,5.792402E13,2.7870434E14,1464.4421,2596.0674,0.0,0.0,0.0,0.0,0.0,0.0074022287,0,0,0,0,0,0,0,0.0,0.0,0,0.0,0.0,0.0,0.0,0.0,0.0,0,0,0,0.0,0.0,5945.2676,11165.844,14804.881,17597.365,8597.474,5270.7446,14397.454,11429.159,3.4108877,1.7066555,0.496166,0.3966697,0.046467837,0.02614658,0.0010011899,6.0414573E-6,50.153164,94.19297,124.8912,148.44807,50.1556,94.19731,124.89645,148.45357,0.9783262,0.98534805,0.9892049,0.9917778,0.99874634,0.9992299,0.9998357,0.99993795,89.89306,114.41901,91.89185,65.02789,977.8674,153.39453,43.623856,1.5215482,0.021756463,0.013437889,0.0068187686,0.008424943,0.2314989,0.2283183,0.5703466,2.1141934,0.0030535862,0.0020801048,0.0035835295,0.0030033232,0.7760982,0.71144253,0.99924415,0.81582767,1.3261672,1.0974758,1.0422618,1.1089488,5188.751,3502.5388,654.33636,328.08704,3006.1658,1778.6594,312.66568,163.177,3170.17,1134.4204,19035.125,606.05133,0.0,0.0,0.0,0.0,17.359755,3.3233979,0.0067071635,7.81195E-5,140.4553,247.8151,1.4263136,5.3225432E7,18.267195,1594648.2,-0.40776518,1.659447E9,0.12798065,1.0770088E9,2186092,715506,139085566,13.064571,12.380271,12.073988,11.886381,12.664073,13.19532,12.104286,12.354964,6076.979,11331.878,14966.445,17743.254,8608.266,5274.8066,14399.819,11429.868,13.040781,12.364245,12.062203,11.877417,12.662711,13.194484,12.104108,12.354897,10980.07,14586.949,10428.418,11083.123,1853.3058,852.27435,455.5583,28.09216,0.6843004,0.306283,0.4938898,0.18760681,-0.77769184,-0.53124714,1.0910339,-0.25067806,10000,1,528,0,0,0,0,0,0,0,9,7,4,7,629,630,75,75,9,7,4,7,0,0,0,0,0,0,0,0,0,0,0661m550,SER,L3,0663m546
PGC075152,66.33260401330435,-56.82243486451326,1169.0,10995173209148891,0,66.33242856533793,-56.82210884282492,56611.1608476926,58163.12203657074,266.5280053726166,-42.18549321410325,30.01794180098275,-75.30292282616213,81.504669,54294,3547,0,2.6653978E11,1.5836442E11,2481.8442,808.2387,34442.53,279779.94,86358.47,288175.34,288218.5,0.012664763,0,0,0,0,0,0,0,0.0,0.0,0,0.0,0.0,0.0,0.0,0.0,0.0,0,0,0,0.0,0.0,41.21887,54.240818,57.976856,61.1663,30.051361,21.521294,-105.59787,6085.981,93.215935,50.166805,6.669052,4.330166,2.7104914,0.6647983,0.0030455966,1.3319644E-5,1.0125465,1.3324324,1.4242086,1.5025578,1.0711274,1.3753791,1.4302543,1.5092449,0.9632038,0.9750622,0.9816012,0.98597336,0.997856,0.99868274,0.9997189,0.99989384,1.1486992,1.1726424,1.103645,1.0478401,2.487063,1.2260772,0.6323825,0.050841734,0.08418298,0.08889923,0.08683119,0.06442581,0.2968728,0.5045081,0.7695772,0.9924972,0.0066625825,0.028679516,0.006261858,0.033085164,0.90054685,0.8527473,0.7999936,0.81162864,1.323925,1.1723536,1.0817462,1.1289928,6191.8647,4380.9717,572.5806,318.08118,3618.6104,2326.4167,284.56262,159.9778,220.1257,207.2185,221.7132,220.4472,225.17555,237.39693,221.7458,198.19464,18.343836,3.5111365,0.0069021476,8.031652E-5,237.79745,76.871704,0.93463224,54358.805,6.0198793,13023.349,0.14090519,536585.8,-0.14369163,519344.0,2185791,722123,138981207,18.46226,18.164185,18.091864,18.03372,18.80534,19.16783,,13.039173,42.793507,55.62806,59.063557,62.036465,30.115929,21.54968,-105.62756,6086.627,18.421555,18.136765,18.071701,18.018383,18.803009,19.166397,,13.039059,397.96158,384.17975,149.72238,127.28127,49.47527,17.547422,-5.8276215,22.211449,0.29807472,0.07232094,0.13046455,0.058143616,-0.7716198,-0.3624897,,,10000,1,0,0,0,0,0,0,0,0,10,9,4,8,655,656,78,78,10,9,4,7,0,0,0,16,0,0,0,0,0,0,0664m567,SER,,0664m576
PGC3315626,66.35681279269512,-56.74038608907054,1499.0,10995173209149546,4775452541603726080,66.35681209524968,-56.74038986532975,56611.1608476926,58454.31739568074,266.4168270641174,-42.19390878550475,30.26072711605958,-75.24771102036483,11.725586,54294,4202,0,2.414615E12,2.4127915E12,2299.5837,1931.3055,2877144.0,3772980.5,3843446.5,3887143.0,3897726.8,0.014134757,0,0,0,0,0,0,2016,20.682241,57.693275,217,18.963976,31.610645,17.491207,58.182125,18.935799,39.487354,0,0,0,11.484747,5.8176947,30.725996,71.1031,100.4746,129.01271,101.92268,62.97899,30.42068,525.532,602.7526,271.66095,88.69131,63.682167,2.9101832,1.1450304,0.0060848007,1.8431872E-5,12.006042,27.783213,39.25999,50.41113,12.010183,27.788754,39.26937,50.421062,0.9590215,0.97220826,0.9794877,0.98435813,0.99760747,0.99853,0.9996863,0.99988157,1.9780546,2.851104,3.3783064,3.1410465,2.4662354,0.4145972,0.4577353,0.06552338,0.0014260293,8.6363294E-4,7.58615E-4,6.360176E-4,0.023210326,0.03818177,0.985032,1.1361783,0.0018364723,8.6515653E-4,7.2920235E-4,0.0013143695,0.89998287,0.7783249,0.99998206,0.8888655,1.3594539,1.144456,1.1420275,1.1425776,5125.3105,3439.189,651.73944,368.08884,3041.9607,1785.5144,334.64203,188.1494,11.054819,9.401089,9.503778,9.522987,11.055684,9.399275,9.503962,9.522964,18.748692,3.5471754,0.0066374345,7.8154786E-5,219.36139,98.79892,1.5211376,47980.02,0.9133799,1893798.1,-0.17489532,2044115.1,0.20465222,2209729.0,2185789,721404,138983961,18.781235,17.87028,17.49486,17.22342,17.479322,18.00201,18.792078,15.698503,32.038902,73.13567,102.57873,131.06277,102.16712,63.071705,30.430225,525.59424,18.735806,17.839676,17.472357,17.2063,17.476723,18.000414,18.791737,15.698374,754.35455,1171.9313,946.2302,1029.5358,173.87254,67.39136,2.3729692,2.2562327,0.9109554,0.37541962,0.6468601,0.2714405,-0.25590324,-0.5226879,-0.7900677,3.0935755,10000,1,128,0,0,0,0,0,0,3,9,7,5,8,665,669,72,72,9,7,5,8,0,0,0,0,0,0,0,0,0,0,0664m567,SER,GE,0666m561
PGC390135,66.80784960433147,-57.42834618215757,1215.0,10995170744996437,530640,66.80761112770409,-57.4284408613246,56611.15624385259,58455.24471468073,267.2241754609938,-41.7776263260881,29.26338122751414,-75.93463111169788,40.204983,51944,4693,4096,1.4132886E11,1.679869E12,2214.7952,2782.5845,0.0,0.0,0.0,0.0,0.0,0.014400618,0,0,0,0,0,0,0,0.0,0.0,0,0.0,0.0,0.0,0.0,0.0,0.0,0,0,0,0.0,0.0,215.00627,280.2711,327.3219,317.9458,64.02645,9.054409,-214.79471,10858.559,31.316578,16.488995,3.4636853,1.50828,0.8666393,0.2588373,0.0016961376,9.1770735E-6,1.3460509,1.7546425,2.0492048,1.9905057,1.3888357,1.8559054,2.2151737,2.2148085,0.9582671,0.971693,0.97910595,0.98406625,0.9975625,0.9985024,0.9996804,0.9998793,1.5987173,1.7389141,1.6096828,1.0227106,1.3567839,0.6797095,0.45763737,0.07451342,0.09928562,0.14561906,0.19016515,0.25575215,2.9965527,17.712759,1.9191394,0.9237355,0.0048154662,0.037009347,0.005044392,0.14075841,0.90143156,0.8737952,0.8565654,0.8890136,1.4170481,1.1289343,1.159144,1.15084,5660.8076,4182.242,744.99225,250.42563,3473.7312,2118.6116,385.23608,132.57973,612.74896,597.388,621.813,609.89484,626.0864,588.70795,621.8706,381.37115,18.345968,3.5561035,0.0071805767,8.447604E-5,212.40497,266.54218,0.5718734,717431.2,15.444678,24245.14,-0.5611889,1.8085108E7,-0.051499978,7120054.0,2185728,724258,138978914,16.668873,16.381054,16.212563,16.244118,17.984102,20.10785,,12.410569,224.36987,288.43585,334.30692,323.0939,64.18289,9.067989,-214.86337,10859.869,16.62259,16.349876,16.189636,16.226679,17.981451,20.106222,,12.410439,1203.2013,1138.0868,609.1781,390.47577,59.604443,4.6065264,-8.846147,32.894577,0.2878189,0.16849136,0.13693619,-0.031555176,-1.7399845,-2.1237469,,,10000,1,528,0,0,0,0,0,0,0,10,9,6,9,662,661,82,83,10,8,6,6,0,2048,0,16,0,0,0,0,0,0,0668m575,SER,L3,0664m576
ESO157-030,66.88614257477622,-54.19670996871445,1471.0,10995181782311460,530350,66.88609976970035,-54.19672123792854,56567.37824225259,58454.31322462074,262.9765406453809,-42.50459942006836,36.67764246895624,-73.36087722432815,43.293213,62470,8740,4096,9.2826E13,9.1954386E13,734.0709,2530.5754,0.0,0.0,0.0,0.0,0.0,0.009791955,0,0,0,0,0,0,0,0.0,0.0,0,0.0,0.0,0.0,0.0,0.0,0.0,0,0,0,0.0,0.0,2602.5293,4684.399,5966.1006,6782.687,3379.9282,2022.4132,3553.3452,5004.981,6.431144,4.2729383,0.9439164,0.8753879,0.11137866,0.0599229,0.0013309313,7.672167E-6,37.025528,66.64376,84.87821,96.49558,37.02567,66.64402,84.87853,96.49593,0.9714299,0.98066384,0.9857448,0.98913777,0.9983419,0.9989814,0.9997827,0.9999179,60.294228,53.509724,49.982513,28.44488,423.91803,74.64241,28.909348,0.7553545,0.00810051,0.0067474726,0.0058900313,0.007239759,0.026380388,0.022843821,0.051564362,0.20898166,0.0031798154,0.0022759202,0.0025178746,0.0024548343,0.7869926,0.72787225,0.99436194,0.79082394,1.3342186,1.2745647,1.072024,1.2258183,5458.766,3539.673,642.53784,328.29965,3208.4631,1973.4952,309.94614,178.04517,670.2404,685.9901,722.2919,717.3505,757.7396,742.7775,730.9359,739.3091,17.086966,3.3008204,0.0068280115,8.025251E-5,71.81128,241.33392,1.7173762,2.676472E7,12.788722,1075620.9,-9.224932E-4,2.3560723E8,0.23197682,4.3910112E8,2185390,711691,139089797,13.961511,13.323365,13.060774,12.921495,13.677732,14.235325,13.623406,13.251493,2679.0706,4776.763,6052.3784,6857.1714,3385.5417,2024.4753,3554.1177,5005.3916,13.930039,13.302166,13.045185,12.909637,13.67593,14.234219,13.623171,13.251405,6599.9365,9683.162,5796.386,6346.029,1127.9984,495.06964,129.6329,13.863135,0.63814545,0.26259136,0.40186977,0.13927841,-0.7562361,-0.55759335,0.61191845,0.37191296,10000,1,528,0,0,0,0,0,0,0,9,9,4,8,603,605,80,81,9,9,4,8,0,0,0,0,0,0,0,0,0,0,0667m542,SER,L3,0663m546
NGC1596,66.90883204168479,-55.027699640366166,1510.0,10995179154575046,89718,66.90884600857271,-55.02770050978952,56578.3328089326,58454.31322462074,264.0706265733578,-42.30940648244355,35.06735136244114,-74.0585713726176,81.740364,59964,3782,53528,1.8385983E15,5.7687135E14,2612.2957,1418.2825,0.0,0.0,0.0,0.0,0.0,0.009760304,0,0,0,0,0,0,0,0.0,0.0,0,0.0,0.0,0.0,0.0,0.0,0.0,0,0,0,0.0,0.0,21817.996,44994.953,63481.21,79451.94,34975.13,23988.246,11767.023,8564.188,1.2052399,0.6097959,0.1792916,0.12832083,0.01365657,0.007769923,8.5915026E-4,5.219938E-6,276.95267,571.1557,805.81604,1008.5448,276.95282,571.15625,805.817,1008.5461,0.9715209,0.98072577,0.98579055,0.9891727,0.9983473,0.9989847,0.9997834,0.9999182,470.74023,639.63806,459.50555,428.6895,27180.549,2781.282,15.015241,0.1476825,0.008675753,0.0037053663,0.0015349094,0.0020675191,0.007205546,0.010358387,0.047409702,0.28303716,0.0037059868,0.030030794,0.05613196,0.058322955,0.33388475,0.35334778,0.48424062,0.3757354,1.265735,1.1715952,1.0395775,1.1879939,5065.019,1135.3539,0.0,0.0,2910.662,625.36145,0.0,0.0,31.112291,259.66736,0.0,122.5233,0.0,0.0,0.0,0.0,17.600058,3.376748,0.006717986,7.8210265E-5,251.50963,137.37292,2.1869977,9.689524E7,22.336048,7.309223E7,0.37400037,1.0283534E10,0.28899097,9.410471E9,2186100,714752,139087907,11.652963,10.86709,10.493387,10.249739,11.140602,11.550004,12.323334,12.668284,22457.568,45879.242,64396.246,80321.6,35033.027,24012.627,11769.573,8564.889,11.621593,10.84596,10.477849,10.237919,11.138805,11.548901,12.323098,12.668196,23952.541,35136.305,26879.748,28461.191,4087.24,2114.4958,344.90634,19.56676,0.78587246,0.373703,0.61735153,0.24364853,-0.8908634,-0.4094019,-0.77332973,-0.34495068,10000,1,528,0,0,0,0,0,0,0,10,9,5,6,632,632,79,79,8,3,0,0,0,66,2,66,0,0,2,0,1,0,0670m550,SER,L3,0663m546
PGC401051,66.97315472794546,-56.32757661833149,1469.0,10995174881630568,1419204,66.97327962745224,-56.32750467600219,56611.1608476926,58163.12203657074,265.7630728237291,-41.96895371133503,32.30372475737769,-75.13217474868193,20.790922,55889,6504,4096,9.369069E11,1.1723428E12,1548.2388,734.48944,0.0,0.0,0.0,0.0,0.0,0.015322874,0,0,0,0,0,0,0,0.0,0.0,0,0.0,0.0,0.0,0.0,0.0,0.0,0,0,0,0.0,0.0,115.31379,138.49283,159.75002,149.63579,62.66147,39.86317,52.751926,-696.79254,61.38231,43.62035,5.0595264,4.485678,2.1783264,0.65360755,0.0033707942,1.4081547E-5,2.6882944,3.2286642,3.72423,3.4884384,2.6895835,3.2314978,3.7276902,3.4921336,0.9556545,0.96990764,0.9777828,0.9830545,0.9974066,0.9984065,0.99965996,0.99987155,1.7229279,1.6383213,1.5082127,1.1567382,4.7435727,1.133152,0.41557202,0.07911994,0.021769322,0.022810057,0.025819525,0.02271777,0.729281,0.56746507,1.2343282,1.2699844,0.004718751,0.0048242747,0.0047488166,0.0047586975,0.80282944,0.79509944,0.6051976,0.87796867,1.2901496,1.2294159,1.1163045,1.0957311,4815.899,3284.752,385.26413,337.88303,2765.9902,1797.7161,196.91196,167.81604,190.96832,191.62424,192.63702,194.86227,194.73526,195.57114,195.87914,196.27837,18.785719,3.5476792,0.006897054,8.0257254E-5,149.32968,70.34852,0.7295766,386611.12,5.017874,138746.66,-0.05338827,2479383.0,0.08304408,3968171.5,2185745,719955,138984750,17.345297,17.146431,16.991398,17.062412,18.007498,18.49857,18.194405,,120.66473,142.7897,163.37987,152.21515,62.824398,39.926792,52.76987,-696.8821,17.29605,17.113258,16.967003,17.043856,18.004679,18.49684,18.194035,,903.4474,914.6856,359.33197,316.91992,92.48303,32.22778,3.0626998,-2.614741,0.19886589,0.15503311,0.08401871,-0.071014404,-0.9450855,-0.4910717,0.3041649,,10000,1,528,0,0,0,0,0,0,0,7,7,3,7,676,677,78,78,7,7,3,7,0,0,0,0,0,0,0,0,0,0,0669m562,SER,L3,0666m561
NGC1602,66.97570031930385,-55.05717341543291,1740.0,10995179154577463,1322769,66.97750162543974,-55.05677330918896,56617.33317490259,58454.31322462074,264.096940382356,-42.2645317478188,35.12518563474107,-74.10484323977214,95.524391,59964,6199,4096,2.289706E12,7.228266E12,2071.3833,1019.3413,0.0,0.0,0.0,0.0,0.0,0.009679774,0,0,0,0,0,0,0,0.0,0.0,0,0.0,0.0,0.0,0.0,0.0,0.0,0,0,0,0.0,0.0,4725.7817,6933.623,8351.636,8705.838,3223.8909,1893.8448,3921.7004,6907.8833,3.27787,1.6197171,0.22644898,0.09539109,0.07308252,0.029622613,3.2411746E-4,2.6294224E-6,4.785198,7.020798,8.456639,8.815295,4.8125696,7.0519423,8.490701,8.839078,0.9717525,0.98088324,0.98590696,0.9892615,0.99836093,0.99899304,0.9997852,0.9999189,8.154263,8.074254,6.371489,2.308109,45.20255,5.9859395,2.171208,0.10671954,0.219614,0.20750721,0.27432826,0.19764939,0.39216027,0.47425884,1.7080456,3.4925501,0.006143264,0.0036666717,0.0021157493,0.0022641218,0.3077734,0.31948742,0.3841463,0.23244314,1.2731138,1.1583565,1.0131187,1.0707965,4856.3594,3883.747,669.79767,172.1974,2768.5244,2039.8425,309.65277,83.02089,3144.381,3684.3484,4010.8477,4031.5166,2927.7073,4618.3555,5678.6436,4289.9814,17.600058,3.376748,0.006717986,7.8210265E-5,200.31339,98.89933,0.8280689,3.5438544E7,33.816742,1701353.2,-0.31235576,5.0736266E8,0.05139588,2.4502094E8,2186056,714752,139087881,13.313816,12.897599,12.695571,12.650474,13.729049,14.306639,13.516314,12.901637,4863.1533,7068.755,8471.019,8800.34,3229.1838,1895.7538,3922.543,6908.444,13.282705,12.876642,12.680161,12.638751,13.727268,14.305545,13.516081,12.901549,8555.976,8824.291,3974.2642,2688.837,871.53955,325.95383,70.6034,11.201474,0.41621685,0.20202827,0.24712563,0.04509735,-1.0785751,-0.57759,0.79032516,0.6146765,10000,1,528,0,0,0,0,0,0,0,8,8,4,3,629,630,75,76,8,8,4,3,0,0,0,0,0,0,0,0,0,0,0670m550,SER,L3,0663m546
IC2085,67.85183090991215,-54.41706383223896,982.0,10995180903602783,1072632,67.8515910401809,-54.41695916184568,56567.37824225259,59144.37519774074,263.10969708224,-41.90786876907423,37.93146219010218,-73.85140660231897,7.0729518,61632,6751,4096,1.08241E14,3.9396178E14,2414.9841,2940.1836,0.0,0.0,0.0,0.0,0.0,0.011464166,0,0,0,0,0,0,0,0.0,0.0,0,0.0,0.0,0.0,0.0,0.0,0.0,0,0,0,0.0,0.0,2847.0845,6063.6895,8651.38,10911.943,5577.368,3459.111,10563.188,10942.986,46.262653,12.036793,0.5642799,0.5231147,0.06190289,0.03179645,9.0139534E-4,5.547211E-6,17.221197,36.677517,52.329712,66.00321,17.237162,36.7262,52.415997,66.13631,0.96663314,0.97739935,0.9833307,0.9872946,0.99805903,0.99880755,0.99974555,0.9999039,109.17318,116.37598,45.224884,32.284187,976.923,180.81561,64.32699,0.6753488,0.011936459,0.017524809,0.01882691,0.022811798,0.41943228,0.39248815,0.26232374,0.36593425,0.0033988238,0.0034190083,7.978031E-4,8.4298325E-4,0.73980474,0.69592243,0.76618,0.7200573,1.3004729,1.2045531,1.1933717,1.2061434,54368.75,15955.98,506.6239,353.75412,31851.945,8642.628,272.22308,190.0853,-21.38604,162.49214,691.6029,370.61026,0.0,0.0,0.0,0.0,16.527328,3.2192206,0.008107183,9.3975475E-5,234.31477,282.01715,1.3663623,1.03500176E8,25.284441,1445568.0,-0.39422178,2.9212503E9,-0.40412405,3.0647255E9,2185355,712464,139045405,13.863999,13.043158,12.657287,12.405245,13.133926,13.652589,12.440513,12.402161,2945.362,6203.902,8798.037,11052.368,5588.215,3463.2407,10565.876,10944.038,13.827153,13.018337,12.639035,12.391361,13.131817,13.651294,12.440236,12.402056,19364.916,21037.414,6498.7925,7892.245,1387.6655,616.8135,317.14117,25.773489,0.8208418,0.38587093,0.63791275,0.25204182,-0.72868156,-0.51866245,1.2120762,0.038352013,10000,1,528,0,0,0,0,0,0,0,25,18,4,9,578,579,87,86,25,18,4,9,0,0,0,0,0,0,0,0,0,0,0679m545,SER,L3,0689m546
NGC1617,67.91422089251404,-54.60224087401231,1063.0,10995180903605042,86554,67.91406205819595,-54.6021493268077,56616.31530621259,59144.37519774074,263.3433946475701,-41.8348806465476,37.67932255333039,-74.02674896156802,22.708944,61632,9010,53660,7.9474424E14,1.7475619E15,1914.9827,395.90805,0.0,0.0,0.0,0.0,0.0,0.0073478087,0,0,0,0,0,0,0,0.0,0.0,0,0.0,0.0,0.0,0.0,0.0,0.0,0,0,0,0.0,0.0,69493.836,145699.0,204724.62,255485.2,19681.541,30853.652,57317.574,46708.574,1.7173164,0.39250627,0.011800282,0.015448669,0.006873212,0.002654105,1.4407576E-4,1.0957722E-6,416.0645,872.3102,1225.7008,1529.608,416.0645,872.3102,1225.7008,1529.608,0.97848386,0.985455,0.98928386,0.991838,0.9987555,0.9992356,0.9998369,0.9999384,212.95773,259.45206,211.4689,193.7916,34065.504,4423.973,26.62928,0.5120865,0.09399553,0.092794575,0.0821424,0.06102836,0.20324484,0.05621927,0.04192908,0.17746685,0.028181562,0.05148859,0.022884982,0.02357561,0.26810408,0.24225664,0.19924863,0.1972592,1.3099219,1.204692,1.2645538,1.2488718,887.773,506.49,0.0,0.0,524.76575,261.4341,0.0,0.0,7206.79,7183.007,7284.149,8392.935,193.80771,402.3208,0.0,0.0,16.527328,3.2192206,0.008107183,9.3975475E-5,183.20334,40.310863,3.260094,3.5249674E8,81.14082,7.0199096E9,-0.26644006,3.956131E10,-0.1704369,3.619094E10,2185357,713995,139001329,10.395134,9.591358,9.2220745,8.9815855,11.764853,11.276733,10.60428,10.826509,71021.95,147849.47,206942.25,257587.64,19706.064,30877.256,57326.92,46711.45,10.371518,9.575451,9.210377,8.972688,11.7635,11.275904,10.604103,10.826442,91069.18,91280.89,22239.053,31754.94,1631.695,1589.5187,687.9918,48.89413,0.8037758,0.36928368,0.6097727,0.240489,-2.783267,0.48811913,0.6724529,-0.22222805,10000,1,528,0,0,0,0,0,0,0,21,13,2,5,597,598,91,92,2,1,0,0,2,2,2,2,0,0,2,2,1,0,0679m545,SER,L3,0689m546
ESO157-044,69.32491465809213,-55.92323024381734,1611.0,10995175730977297,311072,69.32531223849625,-55.92316377158966,56611.18769461258,58454.31880019073,264.8496402592507,-40.78061596007066,37.44441518858983,-75.57197575647933,22.326847,56699,6673,4096,3.2870344E12,1.1529363E13,1467.418,2855.162,0.0,0.0,0.0,0.0,0.0,0.016329875,0,0,0,0,0,0,0,0.0,0.0,0,0.0,0.0,0.0,0.0,0.0,0.0,0,0,0,0.0,0.0,1412.9421,2114.6765,2568.4539,2719.4458,1313.651,793.62225,1363.3785,1689.3467,7.8971577,5.3016176,1.0505036,0.73579276,0.22422741,0.09907723,0.0013309041,8.283552E-6,6.137523,9.18571,11.156823,11.8127,6.1409435,9.190548,11.162491,11.818393,0.95281,0.967962,0.9763401,0.981951,0.9972364,0.99830186,0.9996376,0.99986315,6.2750783,6.5240126,3.390854,2.174918,26.497427,4.2836285,1.4902148,0.06656881,0.056567043,0.0666823,0.16062944,0.080570646,0.14961433,0.16430393,0.34238157,1.4199648,0.0022411484,0.0038155757,0.0035925477,0.0024019617,0.69634545,0.6042054,0.588735,0.6113479,1.3126007,1.2261646,1.1722684,1.1873685,5142.5776,3263.3694,521.3724,340.2929,3013.1323,1787.3303,277.4197,179.0829,1061.8094,1010.9474,1153.3312,1005.9284,1257.229,1151.766,1192.4124,1299.9324,17.919289,3.5233452,0.00873652,1.0145842E-4,140.745,272.16608,0.813585,1.067562E7,17.550106,612856.2,-0.31918567,1.32340416E8,0.24537419,1.17059424E8,2193912,718493,138991946,14.624689,14.186891,13.975821,13.913799,14.7038,15.250965,14.663459,14.430703,1482.9213,2184.669,2630.6958,2769.4312,1317.2915,794.9722,1363.8728,1689.5779,14.572205,14.151536,13.949823,13.894024,14.700795,15.24912,14.663065,14.430554,3970.6333,4869.0938,2632.5132,2332.696,622.04865,249.8048,49.738174,4.862136,0.4377985,0.21107006,0.27309132,0.062021255,-0.7900009,-0.5471649,0.5875063,0.23275566,10000,1,528,0,0,0,0,0,0,0,8,7,4,8,629,632,97,97,8,7,4,8,0,0,0,0,0,0,0,0,0,0,0692m560,SER,L3,0693m561
PGC128826,64.07071014944057,-54.89420529567743,1234.0,10995179147240371,1029530,64.07072878404091,-54.89421546558445,56577.3267889526,58800.20546103073,264.4457370645378,-43.92112225098997,30.66493994229614,-73.00168070722843,36.748825,59957,9139,4096,1.0381675E13,9.779968E12,1050.193,3252.5225,0.0,0.0,0.0,0.0,0.0,0.011131644,0,0,0,0,0,0,0,0.0,0.0,0,0.0,0.0,0.0,0.0,0.0,0.0,0,0,0,0.0,0.0,647.9602,1136.5521,1435.898,1615.5508,758.56287,429.01483,403.32492,523.2066,17.308935,9.40217,2.2618456,2.373345,0.37538147,0.16282943,0.0013246328,7.3425167E-6,6.0277743,10.572995,13.357718,15.028973,6.0277977,10.573045,13.357785,15.029055,0.9675851,0.9780476,0.9838103,0.9876608,0.9981153,0.9988421,0.99975294,0.9999067,2.93926,4.3638363,3.093884,2.7622414,10.033148,1.5288821,0.830653,0.09464395,0.013064747,0.016430227,0.023213895,0.0282058,0.0894499,0.09363467,0.5480111,2.022656,0.012471486,0.0091949515,0.009305362,0.002811766,0.99993783,0.9999266,0.9999521,0.902264,1.3298333,1.1377215,1.1719279,1.1455255,5537.0815,3876.864,605.7844,588.6763,3209.0183,2013.335,321.72012,297.51898,652.4969,647.2134,648.33136,637.54,652.5467,647.26953,648.3456,651.3795,17.783928,3.348132,0.0059874603,6.974682E-5,101.71138,310.29642,0.99199015,4978667.5,14.016388,177803.95,0.012879038,4.4796476E7,0.45957044,1.0711188E8,2186196,714746,139082862,15.471129,14.861027,14.607191,14.479198,15.300021,15.918819,15.985863,15.703317,669.6674,1162.0621,1459.5272,1635.7344,759.99524,429.51215,403.4246,523.25543,15.435352,14.836926,14.58947,14.465718,15.297973,15.917562,15.985594,15.703216,2695.7742,3485.0051,2159.5093,2488.8633,464.7592,173.11662,14.679214,1.417737,0.61010265,0.25383568,0.3818283,0.12799263,-0.8208227,-0.61879826,-0.067043304,0.28254604,10000,1,528,0,0,0,0,0,0,0,8,7,5,10,642,645,68,68,8,7,5,10,0,0,0,0,0,0,0,0,0,0,0639m550,SER,L3,0638m546
PGC075137,65.11130260164096,-54.740619781459934,1336.0,10995180020704656,1391734,65.11122763067107,-54.74064070181056,56577.3267889526,58507.12813738074,264.0256941262586,-43.38201796288268,32.64593171558504,-73.2297296729322,1.9259281,60790,9616,4096,2.221955E12,2.9248143E12,631.9081,1926.8763,0.0,0.0,0.0,0.0,0.0,0.007863776,0,0,0,0,0,0,0,0.0,0.0,0,0.0,0.0,0.0,0.0,0.0,0.0,0,0,0,0.0,0.0,363.5465,618.4751,765.18915,835.5275,376.4137,202.09682,124.33118,-692.75604,17.797432,8.990077,1.7464755,1.4395015,0.6439158,0.23265263,0.0014644953,8.323321E-6,3.469257,5.9019933,7.3020587,7.9732847,3.4693496,5.9022775,7.3024426,7.973749,0.97699046,0.98444164,0.9885357,0.9912673,0.9986682,0.9991819,0.9998255,0.9999341,1.6299701,1.7731574,1.3877456,1.1923157,2.7424865,0.5947468,0.55605805,0.07981467,0.0051127877,0.0070092585,0.0072108777,0.007920043,0.12831576,0.15305836,2.1126986,3.1788187,0.009228854,0.018226791,0.009272245,0.0069818636,0.8649385,0.7997347,0.9988585,0.8764398,1.3119341,1.089887,1.0091735,1.1523525,3602.1262,3140.768,553.6438,288.68427,2053.909,1589.3755,255.33414,148.00093,526.5882,554.98883,603.06854,523.21173,520.78015,636.13214,603.0944,576.41974,17.586584,3.2921855,0.006077662,7.182637E-5,64.194084,188.93484,0.946677,1345694.2,13.1276,349416.4,-0.08079894,1.0922767E7,0.43104878,2.749275E7,2186230,713989,139092372,16.0986,15.521694,15.290578,15.195098,16.060837,16.736101,17.26355,,372.10855,628.24963,774.06323,842.8882,376.91568,202.26228,124.35288,-692.8017,16.073326,15.504669,15.278059,15.185575,16.05939,16.735212,17.263361,,1533.6937,1854.4021,1011.2302,1002.4595,302.05078,97.47954,4.7579956,-1.9986126,0.5769062,0.2311163,0.32659626,0.095479965,-0.86573887,-0.67526436,-0.52744865,,10000,1,528,0,0,0,0,0,0,0,6,6,3,6,623,629,68,72,6,6,3,6,0,0,0,0,0,0,0,0,0,0,0649m547,SER,L3,0663m546
MKT042200-545440,65.50257965876185,-54.91159604270471,1439.0,10995179151425830,0,65.50250167011487,-54.9115912298946,56577.3267889526,58454.31322462074,264.176278663533,-43.12125309324378,32.94042389601098,-73.49976757376186,63.667637,59961,294,0,5.5195684E11,7.679212E11,3445.1016,3011.8298,91574.64,738833.5,280504.16,743293.75,744029.56,0.0060770647,0,0,0,0,0,0,0,0.0,0.0,0,0.0,0.0,0.0,0.0,0.0,0.0,0,0,0,0.0,0.0,63.368324,85.98496,93.0039,101.03727,48.895657,33.51094,88.07231,6265.6353,79.21487,42.53619,7.6939588,4.6494203,2.7665734,0.7799556,0.0035312716,1.4222741E-5,2.3665168,3.2111447,3.4732697,3.7732794,2.3699608,3.2308702,3.5043812,3.8169796,0.9821715,0.9879552,0.99112886,0.9932447,0.9989706,0.9993677,0.9998651,0.99994904,1.6172807,1.6057966,1.278775,1.2037033,1.7338628,0.35547745,0.5060273,0.07559465,0.017270453,0.028357282,0.03377782,0.038490873,0.20427074,0.24948522,1.1741749,1.0118896,0.0043444675,0.036882132,0.0042508584,0.004075883,0.7509359,0.7147972,0.7507709,0.8339608,1.328002,1.0980763,0.9727415,1.0491692,3811.822,2788.6284,525.3611,260.5348,2178.7964,1400.0006,235.64908,123.35503,137.58003,134.12242,133.00899,134.70702,138.15373,134.49382,133.33403,134.92389,17.32819,3.2878957,0.006527692,7.601676E-5,330.69867,286.68573,0.8686958,113625.8,4.1210227,58189.188,-0.08510648,1453019.0,0.030840952,760634.3,2186214,714749,139086699,17.99532,17.663944,17.578747,17.488796,18.276825,18.687033,17.637901,13.007587,64.51859,87.03326,93.836334,101.72445,48.94604,33.532143,88.08419,6265.9546,17.975788,17.650787,17.569073,17.481436,18.275705,18.686346,17.637754,13.007532,563.9954,560.792,257.9741,217.86176,81.32824,29.595219,5.2336535,23.629622,0.33137512,0.08519745,0.17514801,0.08995056,-0.7880287,-0.41020775,1.0491314,4.630314,10000,1,1024,0,0,0,0,0,0,0,6,5,3,5,620,623,71,73,6,5,3,5,0,0,0,0,0,0,0,0,0,0,0657m550,SER,,0663m546
MKT042326-551621,65.85822993919653,-55.27476391109677,1214.0,10995178286358795,0,65.85810737001266,-55.27472500934952,56577.3267889526,58454.31322462074,264.5888646420786,-42.83461886080485,32.77342598953932,-73.91338542658411,38.890038,59136,8459,2304,1.4458771E10,3.883084E10,972.3259,1459.14,1776.5865,7417.789,-3516.645,8540.959,8563.311,0.008340211,0,0,0,0,0,0,0,0.0,0.0,0,0.0,0.0,0.0,0.0,0.0,0.0,0,0,0,0.0,0.0,13.2097,17.185308,18.883848,18.97277,4.175039,0.4009948,8.466142,-303.82944,96.998856,54.76044,7.4305315,4.6707277,2.4092574,0.6261348,0.0028211824,1.262873E-5,0.34815827,0.45294046,0.4977076,0.5000513,0.3481583,0.45294046,0.49770764,0.5000513,0.97561353,0.9835068,0.98784536,0.9907407,0.9985876,0.99913234,0.99981487,0.9999301,1.0941921,1.0733883,0.93284124,1.0272579,1.9966836,0.78873336,0.5459351,0.094221145,0.04291099,0.062894195,0.09995686,0.14212644,794.26746,13929.661,279.9622,7.6822867,0.07140168,0.07378039,0.06953053,0.0728471,0.89974856,0.8888473,0.80002105,0.8889639,1.3132192,1.1051092,1.0068679,1.0870396,5806.903,4502.707,706.71375,383.77292,3341.4224,2280.2417,325.20187,188.3552,219.17854,215.55673,214.55244,216.05714,220.67256,216.88393,215.85826,217.41371,17.540888,3.3376808,0.006445622,7.506371E-5,93.54089,33.95683,1.0,0.0,6.4181213,1216.3229,-0.26093346,78182.375,-0.07105944,31722.188,2186081,716256,139085918,19.697767,19.412107,19.309774,19.304672,20.948349,23.492153,20.180786,,13.539889,17.473503,19.1162,19.150087,4.180944,0.40134305,8.46771,-303.85068,19.670961,19.39405,19.296495,19.294573,20.946814,23.49121,20.180586,,130.09969,127.17179,51.475483,41.0037,6.4804044,0.3173019,0.44967747,-1.0797164,0.2856598,0.10233307,0.10743523,0.0051021576,-1.6436768,-2.5438042,3.311367,,10000,1,2,0,0,0,0,0,0,0,9,8,4,8,628,633,73,74,9,8,4,8,0,0,0,0,0,0,0,0,32,0,0657m552,EXP,,0663m546
